group	x	y	showSelected1
37	9580	24	107
37	9580	24	285
37	9580	24	884
38	9630	24	107
38	9630	24	265
38	9630	24	884
38	9630	24	575
38	9630	24	509
38	9630	24	1768
38	9630	24	905
38	9630	24	9
38	9630	24	556
38	9630	24	132
38	9630	24	563
38	9630	24	502
38	9630	24	172
39	9630	74	107
39	9630	74	11
42	9680	74	11
42	9680	74	418
42	9680	74	107
42	9680	74	1684
42	9680	74	698
42	9680	74	880
42	9680	74	213
42	9680	74	239
41	9680	124	418
41	9680	124	11
44	9730	124	11
44	9730	124	660
44	9730	124	148
44	9730	124	418
44	9730	124	300
44	9730	124	622
44	9730	124	38
44	9730	124	824
44	9730	124	116
44	9730	124	630
44	9730	124	823
45	9730	174	148
45	9730	174	462
49	9780	174	148
49	9780	174	93
49	9780	174	462
49	9780	174	174
49	9780	174	100
49	9780	174	138
49	9780	174	1509
49	9780	174	300
49	9780	174	696
49	9780	174	41
49	9780	174	408
49	9780	174	921
49	9780	174	743
49	9780	174	234
49	9780	174	151
49	9780	174	460
49	9780	174	923
49	9780	174	1796
49	9780	174	1196
49	9780	174	919
49	9780	174	404
49	9780	174	55
49	9780	174	713
49	9780	174	434
50	9780	224	93
50	9780	224	174
50	9780	224	711
55	9830	224	174
55	9830	224	105
55	9830	224	238
55	9830	224	151
55	9830	224	121
55	9830	224	1183
55	9830	224	16
55	9830	224	817
55	9830	224	1060
55	9830	224	1140
55	9830	224	1434
55	9830	224	711
55	9830	224	1750
55	9830	224	983
55	9830	224	1499
55	9830	224	701
55	9830	224	510
55	9830	224	281
55	9830	224	233
55	9830	224	417
55	9830	224	1111
55	9830	224	1340
55	9830	224	204
55	9830	224	93
55	9830	224	1391
55	9830	224	936
55	9830	224	4
55	9830	224	549
55	9830	224	32
55	9830	224	1436
55	9830	224	688
55	9830	224	104
55	9830	224	190
55	9830	224	794
55	9830	224	306
55	9830	224	357
55	9830	224	1443
55	9830	224	115
55	9830	224	1258
55	9830	224	1738
55	9830	224	728
55	9830	224	852
55	9830	224	956
55	9830	224	1757
55	9830	224	1498
55	9830	224	988
55	9830	224	992
55	9830	224	781
55	9830	224	985
55	9830	224	1634
55	9830	224	1497
55	9830	224	920
55	9830	224	179
55	9830	224	1341
55	9830	224	110
55	9830	224	806
55	9830	224	1568
55	9830	224	53
55	9830	224	807
55	9830	224	589
55	9830	224	291
55	9830	224	671
55	9830	224	902
55	9830	224	1404
55	9830	224	1744
55	9830	224	339
56	9830	274	16
56	9830	274	953
56	9830	274	4
56	9830	274	155
56	9830	274	771
56	9830	274	1500
56	9830	274	701
56	9830	274	1749
56	9830	274	204
62	9880	274	155
62	9880	274	4
62	9880	274	126
62	9880	274	153
62	9880	274	1708
62	9880	274	33
62	9880	274	755
62	9880	274	1108
62	9880	274	1
62	9880	274	892
62	9880	274	1437
62	9880	274	1187
62	9880	274	1366
62	9880	274	1093
62	9880	274	1617
62	9880	274	1616
62	9880	274	242
62	9880	274	752
62	9880	274	1753
62	9880	274	485
62	9880	274	399
62	9880	274	1640
62	9880	274	325
62	9880	274	360
62	9880	274	1529
62	9880	274	104
62	9880	274	787
62	9880	274	1007
62	9880	274	947
62	9880	274	894
62	9880	274	1371
62	9880	274	545
62	9880	274	1373
62	9880	274	686
62	9880	274	204
62	9880	274	610
62	9880	274	1271
62	9880	274	1208
62	9880	274	1386
62	9880	274	928
62	9880	274	131
62	9880	274	1102
62	9880	274	687
62	9880	274	683
62	9880	274	447
62	9880	274	201
62	9880	274	878
62	9880	274	190
62	9880	274	1098
62	9880	274	214
62	9880	274	215
62	9880	274	553
62	9880	274	424
62	9880	274	1356
62	9880	274	805
62	9880	274	803
62	9880	274	1132
62	9880	274	1516
62	9880	274	1214
62	9880	274	186
62	9880	274	1441
62	9880	274	987
62	9880	274	1120
62	9880	274	1609
62	9880	274	1166
62	9880	274	1303
62	9880	274	1397
62	9880	274	1673
62	9880	274	601
62	9880	274	1109
62	9880	274	1805
62	9880	274	804
62	9880	274	1447
62	9880	274	1550
62	9880	274	1119
62	9880	274	1197
62	9880	274	423
62	9880	274	1442
62	9880	274	1202
62	9880	274	1396
62	9880	274	664
62	9880	274	170
62	9880	274	273
62	9880	274	378
62	9880	274	1099
62	9880	274	1789
62	9880	274	69
62	9880	274	1333
62	9880	274	750
62	9880	274	1701
62	9880	274	979
62	9880	274	758
62	9880	274	1459
62	9880	274	1360
62	9880	274	1232
62	9880	274	1016
62	9880	274	299
62	9880	274	208
62	9880	274	1612
63	9880	324	1
63	9880	324	399
63	9880	324	422
63	9880	324	305
63	9880	324	25
63	9880	324	364
63	9880	324	757
63	9880	324	1787
63	9880	324	740
63	9880	324	981
70	9930	324	422
70	9930	324	25
70	9930	324	1200
70	9930	324	448
70	9930	324	421
70	9930	324	1587
70	9930	324	61
70	9930	324	150
70	9930	324	909
70	9930	324	908
70	9930	324	134
70	9930	324	218
70	9930	324	1080
70	9930	324	1402
70	9930	324	600
70	9930	324	952
70	9930	324	770
70	9930	324	1638
70	9930	324	1677
70	9930	324	1312
70	9930	324	1800
70	9930	324	1764
70	9930	324	1241
70	9930	324	725
70	9930	324	861
70	9930	324	1347
70	9930	324	253
70	9930	324	129
70	9930	324	364
70	9930	324	396
70	9930	324	1763
70	9930	324	531
70	9930	324	876
70	9930	324	1233
70	9930	324	1699
70	9930	324	1765
70	9930	324	740
70	9930	324	1724
70	9930	324	1
70	9930	324	1049
70	9930	324	825
70	9930	324	981
70	9930	324	366
70	9930	324	1076
70	9930	324	1518
70	9930	324	98
70	9930	324	1171
70	9930	324	665
70	9930	324	1094
70	9930	324	863
70	9930	324	734
70	9930	324	1591
70	9930	324	91
70	9930	324	1348
70	9930	324	1716
70	9930	324	1725
70	9930	324	1300
70	9930	324	1052
70	9930	324	1288
70	9930	324	536
70	9930	324	1050
70	9930	324	323
70	9930	324	1106
70	9930	324	1615
70	9930	324	89
70	9930	324	730
70	9930	324	1074
70	9930	324	587
70	9930	324	1167
70	9930	324	514
70	9930	324	1047
70	9930	324	1377
70	9930	324	975
70	9930	324	534
70	9930	324	515
70	9930	324	990
70	9930	324	308
70	9930	324	48
70	9930	324	1172
70	9930	324	42
70	9930	324	1752
70	9930	324	588
70	9930	324	684
70	9930	324	1709
70	9930	324	1110
70	9930	324	1387
70	9930	324	621
70	9930	324	989
70	9930	324	1488
70	9930	324	1416
70	9930	324	444
70	9930	324	1704
70	9930	324	800
70	9930	324	1024
70	9930	324	1028
70	9930	324	1091
70	9930	324	1230
70	9930	324	1490
70	9930	324	1363
70	9930	324	849
70	9930	324	358
70	9930	324	1745
70	9930	324	345
70	9930	324	370
70	9930	324	1364
70	9930	324	958
70	9930	324	1365
70	9930	324	478
70	9930	324	1362
70	9930	324	1580
70	9930	324	972
70	9930	324	965
70	9930	324	998
70	9930	324	1023
70	9930	324	1578
70	9930	324	783
70	9930	324	699
70	9930	324	577
70	9930	324	1418
70	9930	324	788
70	9930	324	196
70	9930	324	735
70	9930	324	414
70	9930	324	6
71	9930	374	1402
71	9930	374	1515
71	9930	374	1116
71	9930	374	662
71	9930	374	1002
71	9930	374	1134
71	9930	374	123
71	9930	374	600
71	9930	374	596
71	9930	374	531
71	9930	374	876
7	9980	374	123
7	9980	374	406
7	9980	374	1543
7	9980	374	662
7	9980	374	166
7	9980	374	1209
7	9980	374	665
7	9980	374	531
7	9980	374	927
7	9980	374	876
7	9980	374	1389
7	9980	374	1342
7	9980	374	1056
7	9980	374	1301
7	9980	374	154
7	9980	374	1063
7	9980	374	1199
7	9980	374	751
40	9680	24	107
40	9680	24	265
40	9680	24	11
40	9680	24	563
40	9680	24	239
40	9680	24	213
40	9680	24	1061
40	9680	24	172
40	9680	24	14
40	9680	24	1712
40	9680	24	49
48	9780	124	148
48	9780	124	300
48	9780	124	1688
48	9780	124	1325
48	9780	124	460
48	9780	124	116
48	9780	124	100
48	9780	124	38
48	9780	124	434
48	9780	124	977
48	9780	124	41
48	9780	124	907
48	9780	124	50
61	9880	224	4
61	9880	224	204
61	9880	224	190
61	9880	224	104
61	9880	224	967
61	9880	224	803
61	9880	224	1734
61	9880	224	202
61	9880	224	115
61	9880	224	1169
61	9880	224	1166
61	9880	224	505
61	9880	224	1117
61	9880	224	985
61	9880	224	1244
61	9880	224	854
61	9880	224	32
61	9880	224	110
61	9880	224	634
61	9880	224	1378
61	9880	224	1739
61	9880	224	260
61	9880	224	888
61	9880	224	1496
61	9880	224	642
61	9880	224	1701
61	9880	224	1358
61	9880	224	291
61	9880	224	820
61	9880	224	8
61	9880	224	149
61	9880	224	226
61	9880	224	359
61	9880	224	1185
61	9880	224	778
61	9880	224	902
61	9880	224	342
61	9880	224	1419
61	9880	224	170
61	9880	224	142
61	9880	224	706
61	9880	224	351
61	9880	224	339
61	9880	224	763
61	9880	224	36
61	9880	224	837
61	9880	224	208
61	9880	224	786
61	9880	224	513
61	9880	224	745
61	9880	224	53
61	9880	224	88
61	9880	224	34
61	9880	224	1735
61	9880	224	77
61	9880	224	269
61	9880	224	372
61	9880	224	1551
61	9880	224	1501
61	9880	224	471
61	9880	224	512
61	9880	224	392
61	9880	224	906
61	9880	224	1014
61	9880	224	1411
61	9880	224	1410
61	9880	224	561
61	9880	224	1579
61	9880	224	1204
61	9880	224	1450
61	9880	224	45
61	9880	224	1267
61	9880	224	498
61	9880	224	573
61	9880	224	847
61	9880	224	604
61	9880	224	44
46	9730	74	11
46	9730	74	418
46	9730	74	630
46	9730	74	107
46	9730	74	698
46	9730	74	823
46	9730	74	880
46	9730	74	38
54	9830	174	93
54	9830	174	174
54	9830	174	151
54	9830	174	1613
54	9830	174	306
54	9830	174	55
54	9830	174	1595
54	9830	174	402
54	9830	174	41
54	9830	174	53
54	9830	174	946
54	9830	174	819
54	9830	174	1623
54	9830	174	1277
54	9830	174	1778
54	9830	174	963
54	9830	174	341
54	9830	174	1520
54	9830	174	792
54	9830	174	430
54	9830	174	1714
54	9830	174	114
54	9830	174	1582
54	9830	174	1253
54	9830	174	922
54	9830	174	434
54	9830	174	747
54	9830	174	438
54	9830	174	108
54	9830	174	1532
54	9830	174	1653
54	9830	174	437
54	9830	174	1544
54	9830	174	96
54	9830	174	440
54	9830	174	32
54	9830	174	1636
54	9830	174	83
54	9830	174	1225
54	9830	174	1302
54	9830	174	1727
54	9830	174	24
54	9830	174	843
54	9830	174	1345
54	9830	174	38
54	9830	174	1313
54	9830	174	182
54	9830	174	50
69	9930	274	1
69	9930	274	1710
69	9930	274	424
69	9930	274	683
69	9930	274	395
69	9930	274	1157
69	9930	274	1216
69	9930	274	25
69	9930	274	1295
69	9930	274	829
69	9930	274	129
69	9930	274	186
69	9930	274	1475
69	9930	274	1672
69	9930	274	504
69	9930	274	507
69	9930	274	1344
69	9930	274	144
69	9930	274	1718
69	9930	274	69
69	9930	274	1654
69	9930	274	1383
69	9930	274	769
69	9930	274	1774
69	9930	274	322
69	9930	274	1802
69	9930	274	499
69	9930	274	1091
69	9930	274	1349
69	9930	274	1542
69	9930	274	785
69	9930	274	1005
69	9930	274	453
69	9930	274	48
69	9930	274	678
69	9930	274	104
69	9930	274	864
69	9930	274	663
69	9930	274	56
69	9930	274	950
69	9930	274	1493
69	9930	274	139
69	9930	274	340
69	9930	274	1321
69	9930	274	640
69	9930	274	712
69	9930	274	194
69	9930	274	1401
69	9930	274	1004
69	9930	274	1343
69	9930	274	736
69	9930	274	1422
69	9930	274	1252
69	9930	274	1565
69	9930	274	1290
69	9930	274	1775
69	9930	274	1611
69	9930	274	6
69	9930	274	299
69	9930	274	559
69	9930	274	1491
69	9930	274	250
69	9930	274	1751
69	9930	274	112
69	9930	274	1440
69	9930	274	1374
69	9930	274	1212
69	9930	274	1612
69	9930	274	382
69	9930	274	183
69	9930	274	780
69	9930	274	1003
69	9930	274	1461
69	9930	274	414
69	9930	274	387
69	9930	274	1114
69	9930	274	1226
69	9930	274	1773
69	9930	274	1375
69	9930	274	783
69	9930	274	389
69	9930	274	206
69	9930	274	643
69	9930	274	1702
69	9930	274	527
69	9930	274	1671
69	9930	274	1133
69	9930	274	1163
69	9930	274	65
69	9930	274	1512
69	9930	274	1376
69	9930	274	1425
69	9930	274	715
69	9930	274	1027
69	9930	274	1572
69	9930	274	1324
69	9930	274	1351
69	9930	274	429
69	9930	274	1237
69	9930	274	1463
69	9930	274	1633
69	9930	274	1192
69	9930	274	994
69	9930	274	217
69	9930	274	746
69	9930	274	1255
69	9930	274	1703
69	9930	274	136
69	9930	274	583
69	9930	274	637
69	9930	274	1622
69	9930	274	1740
69	9930	274	1112
69	9930	274	1628
69	9930	274	1630
69	9930	274	349
69	9930	274	1071
69	9930	274	274
69	9930	274	27
69	9930	274	934
69	9930	274	286
69	9930	274	538
69	9930	274	1627
69	9930	274	938
69	9930	274	939
69	9930	274	1660
69	9930	274	853
69	9930	274	1430
69	9930	274	503
69	9930	274	456
69	9930	274	1431
69	9930	274	29
69	9930	274	161
69	9930	274	1619
69	9930	274	1298
69	9930	274	257
6	9980	324	665
6	9980	324	253
6	9980	324	531
6	9980	324	1045
6	9980	324	1052
6	9980	324	570
6	9980	324	334
6	9980	324	1300
6	9980	324	1047
6	9980	324	1728
6	9980	324	976
6	9980	324	89
6	9980	324	529
6	9980	324	1695
6	9980	324	123
6	9980	324	1063
6	9980	324	515
6	9980	324	721
6	9980	324	948
6	9980	324	154
6	9980	324	774
6	9980	324	308
6	9980	324	943
6	9980	324	1732
6	9980	324	388
6	9980	324	751
6	9980	324	1044
6	9980	324	796
6	9980	324	57
6	9980	324	218
6	9980	324	993
6	9980	324	117
6	9980	324	1524
6	9980	324	1416
6	9980	324	931
6	9980	324	1285
6	9980	324	1043
6	9980	324	1036
6	9980	324	71
6	9980	324	1594
6	9980	324	1525
6	9980	324	42
6	9980	324	321
6	9980	324	925
6	9980	324	1240
6	9980	324	761
6	9980	324	1006
6	9980	324	1175
6	9980	324	1274
6	9980	324	345
6	9980	324	742
6	9980	324	236
6	9980	324	1142
6	9980	324	871
6	9980	324	726
6	9980	324	727
6	9980	324	1547
6	9980	324	1278
6	9980	324	409
6	9980	324	1806
6	9980	324	1236
6	9980	324	329
6	9980	324	682
6	9980	324	872
6	9980	324	1041
6	9980	324	1652
6	9980	324	476
6	9980	324	965
6	9980	324	87
6	9980	324	700
6	9980	324	565
6	9980	324	1586
6	9980	324	822
6	9980	324	1536
6	9980	324	1729
6	9980	324	628
6	9980	324	998
6	9980	324	196
6	9980	324	646
6	9980	324	790
6	9980	324	130
6	9980	324	996
6	9980	324	1144
6	9980	324	1310
6	9980	324	1311
6	9980	324	1309
6	9980	324	1246
6	9980	324	6
6	9980	324	1042
6	9980	324	916
6	9980	324	735
6	9980	324	1483
6	9980	324	1243
6	9980	324	917
6	9980	324	802
6	9980	324	1629
6	9980	324	1203
6	9980	324	1152
6	9980	324	624
6	9980	324	945
6	9980	324	400
6	9980	324	103
6	9980	324	783
6	9980	324	768
6	9980	324	521
6	9980	324	1569
6	9980	324	1452
6	9980	324	814
6	9980	324	1717
6	9980	324	1464
6	9980	324	164
6	9980	324	1261
6	9980	324	1541
6	9980	324	668
6	9980	324	1247
6	9980	324	1438
6	9980	324	1085
6	9980	324	1205
6	9980	324	1127
6	9980	324	1456
6	9980	324	772
6	9980	324	522
6	9980	324	1713
6	9980	324	1474
6	9980	324	432
6	9980	324	1585
6	9980	324	1696
6	9980	324	390
6	9980	324	517
6	9980	324	1683
6	9980	324	674
6	9980	324	375
6	9980	324	777
6	9980	324	741
6	9980	324	578
6	9980	324	1561
6	9980	324	1234
6	9980	324	1746
6	9980	324	1070
6	9980	324	1445
6	9980	324	1651
6	9980	324	724
6	9980	324	47
6	9980	324	1596
6	9980	324	1484
6	9980	324	1008
6	9980	324	113
6	9980	324	1468
6	9980	324	1563
6	9980	324	248
6	9980	324	530
6	9980	324	1392
6	9980	324	1637
6	9980	324	1560
6	9980	324	791
6	9980	324	1624
6	9980	324	1020
6	9980	324	720
6	9980	324	1720
6	9980	324	1122
6	9980	324	454
6	9980	324	127
6	9980	324	97
6	9980	324	1048
6	9980	324	1062
6	9980	324	175
6	9980	324	1531
6	9980	324	932
6	9980	324	203
6	9980	324	844
6	9980	324	904
6	9980	324	1039
6	9980	324	1731
6	9980	324	23
6	9980	324	762
6	9980	324	1206
6	9980	324	1000
6	9980	324	1562
6	9980	324	1025
6	9980	324	1506
6	9980	324	579
6	9980	324	51
43	9730	24	11
43	9730	24	107
43	9730	24	172
43	9730	24	14
43	9730	24	49
43	9730	24	66
43	9730	24	38
43	9730	24	78
43	9730	24	445
43	9730	24	756
43	9730	24	1368
43	9730	24	1685
43	9730	24	1370
43	9730	24	1304
51	9780	74	38
51	9780	74	116
51	9780	74	107
51	9780	74	50
51	9780	74	307
51	9780	74	816
51	9780	74	697
51	9780	74	830
51	9780	74	1287
53	9830	124	434
53	9830	124	41
53	9830	124	116
53	9830	124	38
53	9830	124	96
53	9830	124	685
53	9830	124	619
53	9830	124	50
53	9830	124	182
53	9830	124	452
53	9830	124	398
53	9830	124	1159
53	9830	124	258
53	9830	124	1367
53	9830	124	1395
53	9830	124	290
53	9830	124	1417
53	9830	124	477
53	9830	124	1029
53	9830	124	620
53	9830	124	602
53	9830	124	1160
53	9830	124	716
60	9880	174	53
60	9880	174	32
60	9880	174	1564
60	9880	174	1473
60	9880	174	1519
60	9880	174	1698
60	9880	174	1779
60	9880	174	262
60	9880	174	36
60	9880	174	24
60	9880	174	773
60	9880	174	182
60	9880	174	585
60	9880	174	1583
60	9880	174	654
60	9880	174	782
60	9880	174	319
60	9880	174	1584
60	9880	174	1548
60	9880	174	44
60	9880	174	50
60	9880	174	86
60	9880	174	211
60	9880	174	1689
60	9880	174	543
60	9880	174	1414
60	9880	174	1193
60	9880	174	1227
60	9880	174	446
60	9880	174	365
60	9880	174	821
60	9880	174	831
60	9880	174	1772
60	9880	174	270
60	9880	174	625
60	9880	174	547
60	9880	174	551
60	9880	174	492
60	9880	174	901
60	9880	174	709
60	9880	174	1663
60	9880	174	1189
60	9880	174	1415
60	9880	174	1088
60	9880	174	467
60	9880	174	74
60	9880	174	1462
60	9880	174	937
60	9880	174	1798
60	9880	174	199
60	9880	174	707
68	9930	224	592
68	9930	224	104
68	9930	224	34
68	9930	224	1425
68	9930	224	1427
68	9930	224	269
68	9930	224	206
68	9930	224	217
68	9930	224	77
68	9930	224	1072
68	9930	224	136
68	9930	224	1153
68	9930	224	498
68	9930	224	45
68	9930	224	1071
68	9930	224	6
68	9930	224	934
68	9930	224	573
68	9930	224	1314
68	9930	224	853
68	9930	224	635
68	9930	224	753
68	9930	224	1092
68	9930	224	259
68	9930	224	29
68	9930	224	812
68	9930	224	435
68	9930	224	991
68	9930	224	1273
68	9930	224	1035
68	9930	224	1298
68	9930	224	636
68	9930	224	44
68	9930	224	314
68	9930	224	1033
68	9930	224	1284
68	9930	224	1557
68	9930	224	254
68	9930	224	935
68	9930	224	960
68	9930	224	648
68	9930	224	608
68	9930	224	257
68	9930	224	58
68	9930	224	228
68	9930	224	1188
68	9930	224	612
68	9930	224	3
68	9930	224	962
68	9930	224	543
68	9930	224	506
68	9930	224	494
68	9930	224	28
68	9930	224	1639
68	9930	224	1289
68	9930	224	647
68	9930	224	873
68	9930	224	1320
68	9930	224	1296
68	9930	224	542
68	9930	224	1294
68	9930	224	508
68	9930	224	1315
68	9930	224	657
68	9930	224	581
68	9930	224	1268
68	9930	224	1777
68	9930	224	1087
68	9930	224	232
68	9930	224	677
68	9930	224	210
68	9930	224	39
68	9930	224	1481
68	9930	224	1721
68	9930	224	302
68	9930	224	1084
68	9930	224	1502
68	9930	224	1736
68	9930	224	1552
68	9930	224	978
68	9930	224	1558
68	9930	224	1095
68	9930	224	318
68	9930	224	846
68	9930	224	216
5	9980	274	783
5	9980	274	6
5	9980	274	643
5	9980	274	1719
5	9980	274	814
5	9980	274	65
5	9980	274	1456
5	9980	274	1394
5	9980	274	1150
5	9980	274	650
5	9980	274	1075
5	9980	274	466
5	9980	274	1351
5	9980	274	578
5	9980	274	808
5	9980	274	1643
5	9980	274	525
5	9980	274	385
5	9980	274	427
5	9980	274	42
5	9980	274	1632
5	9980	274	1631
5	9980	274	914
5	9980	274	862
5	9980	274	1155
5	9980	274	1154
5	9980	274	1145
5	9980	274	419
5	9980	274	1705
5	9980	274	188
5	9980	274	1335
5	9980	274	21
5	9980	274	995
5	9980	274	538
5	9980	274	835
5	9980	274	1046
5	9980	274	280
5	9980	274	930
5	9980	274	64
5	9980	274	1676
5	9980	274	1567
5	9980	274	1505
5	9980	274	1338
5	9980	274	1428
5	9980	274	356
5	9980	274	1020
5	9980	274	866
5	9980	274	147
5	9980	274	1316
5	9980	274	1125
5	9980	274	109
5	9980	274	615
5	9980	274	1186
5	9980	274	605
5	9980	274	331
5	9980	274	127
5	9980	274	1339
5	9980	274	1747
5	9980	274	879
5	9980	274	1527
5	9980	274	161
5	9980	274	857
5	9980	274	1135
5	9980	274	1352
5	9980	274	898
5	9980	274	1513
5	9980	274	343
5	9980	274	241
5	9980	274	1466
5	9980	274	135
5	9980	274	1161
5	9980	274	661
5	9980	274	1177
5	9980	274	178
5	9980	274	1626
5	9980	274	689
5	9980	274	1662
5	9980	274	1562
5	9980	274	669
5	9980	274	940
5	9980	274	1249
5	9980	274	436
5	9980	274	158
5	9980	274	277
5	9980	274	579
5	9980	274	1625
5	9980	274	856
5	9980	274	475
5	9980	274	23
5	9980	274	124
5	9980	274	223
5	9980	274	537
5	9980	274	593
5	9980	274	869
5	9980	274	1804
5	9980	274	29
5	9980	274	883
5	9980	274	1128
5	9980	274	1748
5	9980	274	954
5	9980	274	1173
5	9980	274	887
5	9980	274	1015
5	9980	274	1170
5	9980	274	140
5	9980	274	353
5	9980	274	1554
5	9980	274	1266
5	9980	274	1229
5	9980	274	165
5	9980	274	1164
5	9980	274	122
5	9980	274	459
5	9980	274	463
5	9980	274	1559
5	9980	274	1221
5	9980	274	1165
5	9980	274	1260
5	9980	274	1553
5	9980	274	1254
5	9980	274	1013
5	9980	274	220
5	9980	274	82
5	9980	274	221
5	9980	274	595
5	9980	274	380
5	9980	274	496
5	9980	274	1118
5	9980	274	1608
5	9980	274	1514
5	9980	274	933
5	9980	274	1269
5	9980	274	92
5	9980	274	798
5	9980	274	1263
5	9980	274	1017
5	9980	274	929
5	9980	274	576
5	9980	274	1472
5	9980	274	1693
5	9980	274	1510
5	9980	274	801
5	9980	274	1597
5	9980	274	457
5	9980	274	533
5	9980	274	1011
5	9980	274	1012
5	9980	274	169
5	9980	274	997
5	9980	274	119
5	9980	274	1674
5	9980	274	546
5	9980	274	384
5	9980	274	1089
5	9980	274	81
5	9980	274	231
5	9980	274	1535
5	9980	274	1082
5	9980	274	1231
5	9980	274	926
5	9980	274	554
5	9980	274	229
5	9980	274	294
5	9980	274	1292
5	9980	274	1107
5	9980	274	1030
5	9980	274	187
5	9980	274	1275
5	9980	274	99
5	9980	274	72
5	9980	274	1573
5	9980	274	63
5	9980	274	268
14	10030	324	87
14	10030	324	175
14	10030	324	51
14	10030	324	464
14	10030	324	1026
14	10030	324	815
14	10030	324	1025
14	10030	324	1219
14	10030	324	1648
14	10030	324	1647
14	10030	324	1646
14	10030	324	638
14	10030	324	23
14	10030	324	433
14	10030	324	1138
14	10030	324	1137
14	10030	324	1645
14	10030	324	1220
14	10030	324	220
14	10030	324	961
14	10030	324	1670
14	10030	324	1523
47	9780	24	107
47	9780	24	38
47	9780	24	816
47	9780	24	78
47	9780	24	1158
47	9780	24	205
47	9780	24	1650
47	9780	24	50
47	9780	24	1304
47	9780	24	969
47	9780	24	1168
59	9880	124	50
59	9880	124	182
59	9880	124	53
59	9880	124	258
59	9880	124	776
59	9880	124	1400
59	9880	124	602
59	9880	124	1737
59	9880	124	1160
59	9880	124	1415
59	9880	124	211
59	9880	124	74
59	9880	124	199
59	9880	124	707
59	9880	124	1195
59	9880	124	381
59	9880	124	54
59	9880	124	1546
59	9880	124	212
59	9880	124	733
59	9880	124	809
59	9880	124	479
59	9880	124	885
59	9880	124	708
4	9980	224	29
4	9980	224	612
4	9980	224	6
4	9980	224	506
4	9980	224	463
4	9980	224	850
4	9980	224	1511
4	9980	224	28
4	9980	224	92
4	9980	224	581
4	9980	224	1398
4	9980	224	1265
4	9980	224	1010
4	9980	224	1337
4	9980	224	169
4	9980	224	1057
4	9980	224	528
4	9980	224	641
4	9980	224	1291
4	9980	224	546
4	9980	224	1686
4	9980	224	1297
4	9980	224	582
4	9980	224	232
4	9980	224	694
4	9980	224	846
4	9980	224	1556
4	9980	224	442
4	9980	224	39
4	9980	224	1730
4	9980	224	318
4	9980	224	1700
4	9980	224	511
4	9980	224	1107
4	9980	224	918
4	9980	224	431
4	9980	224	187
4	9980	224	516
4	9980	224	294
4	9980	224	732
4	9980	224	355
4	9980	224	895
4	9980	224	1555
4	9980	224	336
4	9980	224	79
4	9980	224	72
4	9980	224	1051
4	9980	224	1031
4	9980	224	541
4	9980	224	268
4	9980	224	540
4	9980	224	1448
4	9980	224	722
4	9980	224	1319
4	9980	224	1083
4	9980	224	337
4	9980	224	1055
4	9980	224	1432
4	9980	224	1656
4	9980	224	46
4	9980	224	1413
4	9980	224	1239
4	9980	224	1113
4	9980	224	167
4	9980	224	966
4	9980	224	779
4	9980	224	1657
4	9980	224	986
4	9980	224	655
4	9980	224	1487
4	9980	224	482
4	9980	224	1350
4	9980	224	272
4	9980	224	85
4	9980	224	679
4	9980	224	695
4	9980	224	676
4	9980	224	1539
4	9980	224	481
4	9980	224	1743
4	9980	224	288
4	9980	224	765
4	9980	224	1618
4	9980	224	1758
4	9980	224	627
57	9830	74	50
57	9830	74	307
57	9830	74	38
57	9830	74	1467
57	9830	74	1287
57	9830	74	290
57	9830	74	1367
57	9830	74	373
57	9830	74	749
57	9830	74	566
57	9830	74	520
57	9830	74	970
57	9830	74	271
57	9830	74	738
57	9830	74	704
67	9930	174	44
67	9930	174	543
67	9930	174	441
67	9930	174	365
67	9930	174	873
67	9930	174	86
67	9930	174	28
67	9930	174	270
67	9930	174	968
67	9930	174	632
67	9930	174	1522
67	9930	174	324
67	9930	174	1614
67	9930	174	1272
67	9930	174	1299
67	9930	174	1182
67	9930	174	1706
67	9930	174	3
67	9930	174	467
67	9930	174	677
67	9930	174	283
67	9930	174	210
67	9930	174	1281
67	9930	174	1495
67	9930	174	1143
67	9930	174	133
67	9930	174	614
67	9930	174	609
67	9930	174	1449
67	9930	174	1194
67	9930	174	795
67	9930	174	32
67	9930	174	393
67	9930	174	1198
67	9930	174	1336
67	9930	174	50
67	9930	174	312
67	9930	174	1665
67	9930	174	1095
67	9930	174	251
67	9930	174	39
67	9930	174	1669
67	9930	174	256
67	9930	174	813
67	9930	174	216
67	9930	174	1492
67	9930	174	651
67	9930	174	1399
67	9930	174	1478
67	9930	174	1756
67	9930	174	68
67	9930	174	1658
67	9930	174	278
67	9930	174	1644
67	9930	174	913
67	9930	174	955
67	9930	174	1793
67	9930	174	767
67	9930	174	1507
67	9930	174	1228
67	9930	174	1322
67	9930	174	1788
67	9930	174	1346
67	9930	174	74
67	9930	174	691
67	9930	174	1711
67	9930	174	386
67	9930	174	473
67	9930	174	173
67	9930	174	76
67	9930	174	951
67	9930	174	1792
67	9930	174	690
67	9930	174	840
67	9930	174	371
67	9930	174	616
67	9930	174	1384
67	9930	174	1379
67	9930	174	623
67	9930	174	1465
67	9930	174	833
67	9930	174	1784
67	9930	174	54
67	9930	174	1776
67	9930	174	1334
67	9930	174	489
67	9930	174	1086
67	9930	174	1282
67	9930	174	1538
67	9930	174	827
13	10030	274	23
13	10030	274	883
13	10030	274	887
13	10030	274	653
13	10030	274	42
13	10030	274	140
13	10030	274	220
13	10030	274	1307
13	10030	274	964
13	10030	274	1504
13	10030	274	552
13	10030	274	1503
13	10030	274	1670
13	10030	274	122
13	10030	274	944
13	10030	274	590
13	10030	274	1526
13	10030	274	1433
13	10030	274	1767
13	10030	274	407
13	10030	274	1139
13	10030	274	1248
13	10030	274	1305
13	10030	274	1058
13	10030	274	391
13	10030	274	81
13	10030	274	1589
13	10030	274	1306
13	10030	274	1807
13	10030	274	1771
13	10030	274	443
13	10030	274	1231
13	10030	274	571
13	10030	274	1141
13	10030	274	63
13	10030	274	1576
13	10030	274	35
13	10030	274	1235
13	10030	274	294
13	10030	274	1184
13	10030	274	99
13	10030	274	377
13	10030	274	1257
13	10030	274	1508
13	10030	274	1078
13	10030	274	1215
13	10030	274	957
13	10030	274	60
13	10030	274	1121
13	10030	274	1412
13	10030	274	1174
13	10030	274	243
13	10030	274	1598
13	10030	274	555
13	10030	274	293
13	10030	274	639
13	10030	274	1176
13	10030	274	1385
13	10030	274	72
13	10030	274	1680
13	10030	274	240
13	10030	274	658
13	10030	274	197
13	10030	274	268
13	10030	274	1801
13	10030	274	899
13	10030	274	235
13	10030	274	152
13	10030	274	723
13	10030	274	764
13	10030	274	766
13	10030	274	760
13	10030	274	617
13	10030	274	1790
13	10030	274	842
13	10030	274	652
13	10030	274	893
13	10030	274	84
13	10030	274	1009
13	10030	274	881
13	10030	274	10
13	10030	274	279
13	10030	274	1781
13	10030	274	841
13	10030	274	941
13	10030	274	1476
13	10030	274	244
13	10030	274	5
13	10030	274	1073
13	10030	274	1566
13	10030	274	1067
13	10030	274	611
13	10030	274	1664
13	10030	274	971
13	10030	274	465
13	10030	274	1607
13	10030	274	1649
13	10030	274	1599
13	10030	274	413
13	10030	274	362
13	10030	274	1606
13	10030	274	1180
13	10030	274	1761
13	10030	274	376
13	10030	274	1217
13	10030	274	1293
13	10030	274	1760
13	10030	274	163
13	10030	274	1064
13	10030	274	672
13	10030	274	811
13	10030	274	1605
13	10030	274	1328
13	10030	274	472
13	10030	274	532
13	10030	274	1405
13	10030	274	1279
13	10030	274	1485
13	10030	274	1280
13	10030	274	1054
13	10030	274	1635
13	10030	274	1151
13	10030	274	1068
52	9830	24	50
52	9830	24	969
52	9830	24	520
52	9830	24	271
52	9830	24	38
52	9830	24	738
52	9830	24	368
52	9830	24	1479
52	9830	24	980
52	9830	24	1037
64	9880	74	50
64	9880	74	381
64	9880	74	970
64	9880	74	1754
64	9880	74	369
64	9880	74	704
64	9880	74	733
64	9880	74	75
64	9880	74	738
64	9880	74	708
64	9880	74	247
64	9880	74	548
66	9930	124	50
66	9930	124	707
66	9930	124	199
66	9930	124	74
66	9930	124	173
66	9930	124	54
66	9930	124	76
66	9930	124	616
66	9930	124	1331
66	9930	124	1451
66	9930	124	809
66	9930	124	1538
66	9930	124	885
66	9930	124	473
66	9930	124	479
66	9930	124	827
66	9930	124	572
66	9930	124	67
66	9930	124	1123
66	9930	124	1521
3	9980	174	28
3	9980	174	39
3	9980	174	473
3	9980	174	491
3	9980	174	623
3	9980	174	613
3	9980	174	1530
3	9980	174	85
3	9980	174	1136
3	9980	174	858
3	9980	174	67
3	9980	174	1308
3	9980	174	450
3	9980	174	246
3	9980	174	1429
3	9980	174	827
3	9980	174	102
3	9980	174	729
3	9980	174	1256
3	9980	174	1222
3	9980	174	288
3	9980	174	298
3	9980	174	1758
3	9980	174	627
3	9980	174	526
3	9980	174	54
3	9980	174	177
3	9980	174	181
3	9980	174	1785
3	9980	174	1390
3	9980	174	483
3	9980	174	1592
3	9980	174	890
3	9980	174	394
3	9980	174	557
3	9980	174	1733
3	9980	174	26
12	10030	224	72
12	10030	224	337
12	10030	224	63
12	10030	224	350
12	10030	224	1181
12	10030	224	79
12	10030	224	1081
12	10030	224	46
12	10030	224	279
12	10030	224	1130
12	10030	224	1487
12	10030	224	28
12	10030	224	1455
12	10030	224	482
12	10030	224	1103
12	10030	224	497
12	10030	224	347
12	10030	224	659
12	10030	224	656
12	10030	224	1486
12	10030	224	912
12	10030	224	272
12	10030	224	692
12	10030	224	784
12	10030	224	30
12	10030	224	193
12	10030	224	1126
12	10030	224	569
12	10030	224	5
12	10030	224	326
12	10030	224	1782
12	10030	224	1581
12	10030	224	163
12	10030	224	70
12	10030	224	695
12	10030	224	1444
12	10030	224	676
12	10030	224	12
12	10030	224	1218
12	10030	224	568
12	10030	224	1588
12	10030	224	60
12	10030	224	606
12	10030	224	162
12	10030	224	200
12	10030	224	580
12	10030	224	759
12	10030	224	1600
12	10030	224	288
12	10030	224	631
12	10030	224	1635
12	10030	224	156
12	10030	224	1780
12	10030	224	1357
12	10030	224	597
12	10030	224	744
12	10030	224	1151
12	10030	224	867
12	10030	224	629
12	10030	224	1066
12	10030	224	1477
12	10030	224	1276
12	10030	224	43
12	10030	224	882
12	10030	224	313
12	10030	224	1190
12	10030	224	480
12	10030	224	911
12	10030	224	1426
12	10030	224	1540
12	10030	224	627
12	10030	224	287
12	10030	224	101
12	10030	224	1408
12	10030	224	705
12	10030	224	748
12	10030	224	942
12	10030	224	1679
12	10030	224	828
12	10030	224	486
12	10030	224	896
12	10030	224	344
12	10030	224	420
12	10030	224	1115
12	10030	224	675
12	10030	224	1489
12	10030	224	1178
12	10030	224	1742
12	10030	224	1707
12	10030	224	484
12	10030	224	870
12	10030	224	282
12	10030	224	1603
12	10030	224	1741
12	10030	224	95
12	10030	224	1762
12	10030	224	859
12	10030	224	900
12	10030	224	1604
12	10030	224	703
12	10030	224	1077
12	10030	224	818
12	10030	224	17
12	10030	224	488
12	10030	224	1317
12	10030	224	284
12	10030	224	426
20	10080	274	60
20	10080	274	1129
20	10080	274	501
20	10080	274	1001
20	10080	274	680
20	10080	274	31
20	10080	274	1068
20	10080	274	584
20	10080	274	309
20	10080	274	1407
20	10080	274	810
20	10080	274	1470
20	10080	274	310
20	10080	274	1590
20	10080	274	5
58	9880	24	738
58	9880	24	50
58	9880	24	271
58	9880	24	247
58	9880	24	548
58	9880	24	1037
58	9880	24	1537
58	9880	24	207
58	9880	24	2
58	9880	24	1661
2	9980	124	473
2	9980	124	54
2	9980	124	1369
2	9980	124	1642
2	9980	124	572
2	9980	124	246
2	9980	124	67
2	9980	124	1521
2	9980	124	974
2	9980	124	603
2	9980	124	328
2	9980	124	845
2	9980	124	237
2	9980	124	26
2	9980	124	128
19	10080	224	60
19	10080	224	1151
19	10080	224	310
19	10080	224	535
19	10080	224	1223
19	10080	224	1286
19	10080	224	5
19	10080	224	666
19	10080	224	106
19	10080	224	870
19	10080	224	1715
19	10080	224	1574
19	10080	224	1191
19	10080	224	1723
19	10080	224	1355
19	10080	224	1022
19	10080	224	1601
19	10080	224	1131
19	10080	224	7
19	10080	224	754
19	10080	224	1019
19	10080	224	1105
19	10080	224	1100
19	10080	224	739
19	10080	224	1446
19	10080	224	1018
19	10080	224	1238
19	10080	224	412
19	10080	224	17
19	10080	224	544
19	10080	224	230
19	10080	224	562
19	10080	224	1162
19	10080	224	673
19	10080	224	284
19	10080	224	1460
19	10080	224	915
19	10080	224	519
19	10080	224	558
19	10080	224	1332
19	10080	224	275
19	10080	224	560
19	10080	224	1621
19	10080	224	1104
19	10080	224	295
19	10080	224	383
19	10080	224	1678
19	10080	224	1079
19	10080	224	120
19	10080	224	1682
19	10080	224	361
19	10080	224	924
19	10080	224	276
19	10080	224	267
19	10080	224	490
19	10080	224	1602
19	10080	224	1681
19	10080	224	19
19	10080	224	1283
19	10080	224	40
19	10080	224	550
19	10080	224	1097
19	10080	224	1101
19	10080	224	874
19	10080	224	397
19	10080	224	949
19	10080	224	1149
19	10080	224	1769
19	10080	224	1641
19	10080	224	415
19	10080	224	379
19	10080	224	1667
19	10080	224	1424
19	10080	224	1327
19	10080	224	826
19	10080	224	1420
19	10080	224	1766
19	10080	224	428
19	10080	224	451
19	10080	224	224
72	9930	74	50
72	9930	74	54
72	9930	74	75
72	9930	74	247
72	9930	74	1353
72	9930	74	67
72	9930	74	374
72	9930	74	1694
72	9930	74	1690
72	9930	74	1270
11	10030	174	627
11	10030	174	288
11	10030	174	28
11	10030	174	67
11	10030	174	1517
11	10030	174	557
11	10030	174	394
11	10030	174	1691
11	10030	174	675
11	10030	174	168
11	10030	174	330
11	10030	174	338
11	10030	174	185
11	10030	174	101
11	10030	174	94
11	10030	174	1382
11	10030	174	252
11	10030	174	1040
11	10030	174	72
11	10030	174	1317
11	10030	174	26
11	10030	174	1482
11	10030	174	1480
11	10030	174	17
11	10030	174	1577
11	10030	174	184
11	10030	174	426
11	10030	174	524
11	10030	174	311
11	10030	174	1799
11	10030	174	667
11	10030	174	335
11	10030	174	1575
11	10030	174	449
65	9930	24	50
65	9930	24	247
65	9930	24	2
65	9930	24	374
65	9930	24	271
65	9930	24	1661
65	9930	24	1692
65	9930	24	710
65	9930	24	591
65	9930	24	487
65	9930	24	192
65	9930	24	839
65	9930	24	518
65	9930	24	470
65	9930	24	474
65	9930	24	594
65	9930	24	348
65	9930	24	1409
65	9930	24	564
65	9930	24	20
8	9980	74	54
8	9980	74	67
8	9980	74	237
8	9980	74	50
8	9980	74	1620
8	9980	74	18
8	9980	74	717
8	9980	74	1439
8	9980	74	719
10	10030	124	26
10	10030	124	128
10	10030	124	67
10	10030	124	737
10	10030	124	633
10	10030	124	225
10	10030	124	54
10	10030	124	13
10	10030	124	425
10	10030	124	1380
10	10030	124	1803
18	10080	174	120
18	10080	174	426
18	10080	174	17
18	10080	174	524
18	10080	174	94
18	10080	174	26
18	10080	174	1794
18	10080	174	267
18	10080	174	1697
18	10080	174	5
18	10080	174	1435
18	10080	174	874
18	10080	174	1534
18	10080	174	7
18	10080	174	410
18	10080	174	19
18	10080	174	1791
18	10080	174	111
18	10080	174	219
18	10080	174	449
18	10080	174	403
18	10080	174	1359
18	10080	174	1147
18	10080	174	266
18	10080	174	327
18	10080	174	171
18	10080	174	224
18	10080	174	626
18	10080	174	137
18	10080	174	180
18	10080	174	1381
18	10080	174	1250
18	10080	174	1318
18	10080	174	297
18	10080	174	255
18	10080	174	1533
18	10080	174	13
18	10080	174	1361
18	10080	174	903
18	10080	174	1471
25	10130	224	40
25	10130	224	159
25	10130	224	826
25	10130	224	959
25	10130	224	416
25	10130	224	428
25	10130	224	224
25	10130	224	1795
25	10130	224	180
25	10130	224	567
25	10130	224	1755
25	10130	224	145
1	9980	24	50
1	9980	24	54
1	9980	24	474
1	9980	24	20
1	9980	24	348
1	9980	24	1439
1	9980	24	719
1	9980	24	73
1	9980	24	836
1	9980	24	1201
1	9980	24	523
1	9980	24	1571
1	9980	24	1259
1	9980	24	886
1	9980	24	227
1	9980	24	493
1	9980	24	1372
17	10080	124	26
17	10080	124	67
17	10080	124	303
17	10080	124	297
17	10080	124	425
17	10080	124	13
17	10080	124	1722
17	10080	124	984
17	10080	124	222
17	10080	124	19
17	10080	124	245
17	10080	124	1454
17	10080	124	332
17	10080	124	865
17	10080	124	1726
17	10080	124	644
17	10080	124	125
17	10080	124	160
15	10030	74	67
15	10030	74	54
15	10030	74	26
15	10030	74	18
15	10030	74	717
15	10030	74	1783
15	10030	74	1439
15	10030	74	719
15	10030	74	13
15	10030	74	718
24	10130	174	224
24	10130	174	180
24	10130	174	19
24	10130	174	40
24	10130	174	832
24	10130	174	1423
24	10130	174	889
24	10130	174	1330
24	10130	174	910
24	10130	174	176
24	10130	174	1545
24	10130	174	145
24	10130	174	1659
24	10130	174	670
24	10130	174	838
24	10130	174	1668
24	10130	174	877
24	10130	174	1655
24	10130	174	618
24	10130	174	1666
24	10130	174	143
24	10130	174	26
24	10130	174	458
24	10130	174	245
24	10130	174	146
24	10130	174	1421
24	10130	174	1146
24	10130	174	316
24	10130	174	292
24	10130	174	1059
24	10130	174	317
24	10130	174	37
24	10130	174	1323
24	10130	174	1207
24	10130	174	1242
9	10030	24	719
9	10030	24	18
9	10030	24	718
9	10030	24	227
9	10030	24	439
9	10030	24	67
9	10030	24	13
9	10030	24	1770
9	10030	24	1224
9	10030	24	1156
9	10030	24	1687
9	10030	24	1393
9	10030	24	22
9	10030	24	1065
9	10030	24	1032
9	10030	24	860
21	10080	74	13
21	10080	74	67
21	10080	74	332
21	10080	74	18
21	10080	74	1245
21	10080	74	681
21	10080	74	303
21	10080	74	125
21	10080	74	455
21	10080	74	469
21	10080	74	1251
21	10080	74	160
21	10080	74	1124
21	10080	74	315
21	10080	74	296
21	10080	74	897
21	10080	74	367
21	10080	74	263
23	10130	124	245
23	10130	124	19
23	10130	124	13
23	10130	124	868
23	10130	124	303
23	10130	124	644
23	10130	124	37
23	10130	124	599
23	10130	124	793
23	10130	124	1494
23	10130	124	125
23	10130	124	160
23	10130	124	320
23	10130	124	289
23	10130	124	1354
23	10130	124	1053
23	10130	124	848
23	10130	124	411
23	10130	124	1262
23	10130	124	834
23	10130	124	598
23	10130	124	973
23	10130	124	1469
23	10130	124	90
23	10130	124	118
23	10130	124	702
29	10180	174	19
29	10180	174	317
29	10180	174	1148
29	10180	174	37
29	10180	174	118
16	10080	24	18
16	10080	24	67
16	10080	24	455
16	10080	24	1759
16	10080	24	1090
16	10080	24	1156
16	10080	24	22
16	10080	24	13
16	10080	24	461
16	10080	24	789
16	10080	24	263
28	10180	124	19
28	10180	124	37
28	10180	124	1148
28	10180	124	118
28	10180	124	1096
28	10180	124	586
28	10180	124	1179
28	10180	124	702
28	10180	124	90
28	10180	124	209
28	10180	124	1069
28	10180	124	13
28	10180	124	1388
28	10180	124	354
28	10180	124	59
28	10180	124	195
26	10130	74	160
26	10130	74	125
26	10130	74	13
26	10130	74	645
26	10130	74	1797
26	10130	74	315
26	10130	74	367
26	10130	74	90
26	10130	74	263
26	10130	74	731
26	10130	74	405
26	10130	74	59
22	10130	24	13
22	10130	24	263
22	10130	24	731
22	10130	24	67
22	10130	24	405
22	10130	24	59
22	10130	24	1213
22	10130	24	500
22	10130	24	999
22	10130	24	157
22	10130	24	1264
30	10180	74	13
30	10180	74	90
30	10180	74	118
30	10180	74	59
30	10180	74	702
30	10180	74	195
30	10180	74	799
30	10180	74	261
30	10180	74	15
32	10230	124	209
32	10230	124	118
32	10230	124	195
27	10180	24	59
27	10180	24	13
27	10180	24	1213
27	10180	24	799
27	10180	24	1786
27	10180	24	157
27	10180	24	1403
27	10180	24	333
27	10180	24	500
27	10180	24	15
27	10180	24	1610
27	10180	24	1675
27	10180	24	189
27	10180	24	191
27	10180	24	352
27	10180	24	1549
27	10180	24	1038
27	10180	24	304
27	10180	24	982
27	10180	24	1406
27	10180	24	649
27	10180	24	1458
27	10180	24	1528
27	10180	24	851
27	10180	24	714
33	10230	74	195
33	10230	74	118
33	10230	74	59
33	10230	74	62
33	10230	74	261
33	10230	74	15
33	10230	74	775
33	10230	74	1326
33	10230	74	1034
33	10230	74	189
33	10230	74	363
33	10230	74	539
31	10230	24	15
31	10230	24	191
31	10230	24	189
31	10230	24	261
31	10230	24	62
31	10230	24	59
31	10230	24	1457
31	10230	24	363
31	10230	24	1210
31	10230	24	1570
31	10230	24	875
31	10230	24	304
31	10230	24	1211
31	10230	24	1453
31	10230	24	468
31	10230	24	1593
31	10230	24	80
31	10230	24	264
31	10230	24	607
31	10230	24	141
31	10230	24	855
35	10280	74	62
35	10280	74	539
34	10280	24	1453
34	10280	24	62
34	10280	24	346
34	10280	24	141
34	10280	24	495
34	10280	24	891
34	10280	24	301
34	10280	24	249
34	10280	24	198
34	10280	24	52
34	10280	24	1021
34	10280	24	693
34	10280	24	574
36	10330	24	346
36	10330	24	62
36	10330	24	52
36	10330	24	574
36	10330	24	1329
36	10330	24	797
36	10330	24	401
