x	y	showSelected1
2.97543180850926	2	1
2.89652621748956	1	2
2.45939248775923	1	3
2.42488163663107	2	4
3.30189771719521	2.32192809488736	5
3.29556709996248	2.58496250072116	6
3.15259407792747	1	7
1.99563519459755	0	8
1.32221929473392	0	9
1.47712125471966	0	10
3.7635028654676	2.8073549220576	11
2.13353890837022	0	12
4.23406149076639	3.70043971814109	13
2.6222140229663	1	14
2.67669360962487	2	15
2.85186960072977	1	16
2.68033551341456	2	17
3.46686762035411	2.32192809488736	18
3.70406467940857	2.8073549220576	19
3.13353890837022	1	20
2.71264970162721	0	21
2.60422605308447	1	22
2.60959440922522	2	23
2.03742649794062	1	24
2.95424250943933	1.58496250072116	25
3.86987681326677	3	26
1.92941892571429	0	27
3.57680189582891	2.58496250072116	28
3.3142886609475	2	29
1.568201724067	0	30
1.07918124604762	0	31
3.47957531017499	2.32192809488736	32
2.75127910398334	0	33
1.88649072517248	1	34
1.86923171973098	0	35
2.73798732633343	1	36
2.62736585659273	2	37
4.00629485798139	3.32192809488736	38
2.99431715266964	2	39
2.80685802951882	1.58496250072116	40
3.51534389308838	2	41
3.06520612805431	2	42
1.86923171973098	0	43
2.66651798055488	2	44
2.94890176097021	1	45
2.96378782734556	1	46
1.7160033436348	0	47
2.35218251811136	1	48
2.1430148002541	1	49
4.37211998193833	4.08746284125034	50
2.24551266781415	1	51
2.69983772586725	1	52
3.53249958609466	2.32192809488736	53
3.94718856552609	3.32192809488736	54
2.62013605497376	1	55
2.46834733041216	0	56
1.46239799789896	0	57
2.58433122436753	0	58
3.8178957571618	2.8073549220576	59
3.16435285578444	2	60
2.06818586174616	0	61
3.7791634237645	2.32192809488736	62
2.72591163229505	1.58496250072116	63
2.53907609879278	0	64
2.20951501454263	1	65
1.32221929473392	0	66
4.21473790964446	3.70043971814109	67
2.6414741105041	0	68
1.41497334797082	1	69
2.16136800223497	0	70
1.72427586960079	0	71
3.23628527744803	2.32192809488736	72
2.37657695705651	0	73
2.67117284271508	2	74
2.84073323461181	1	75
2.16731733474818	1	76
2.96661098668193	1	77
2.32014628611105	1	78
1.7481880270062	1	79
1.32221929473392	0	80
1.95424250943932	1	81
1.568201724067	0	82
1.96378782734556	0	83
1.91381385238372	0	84
2.4345689040342	1	85
3.00043407747932	1	86
2.55509444857832	1	87
1.69019608002851	0	88
2.05307844348342	1	89
3.08386080086657	2	90
2.48000694295715	0	91
1.90308998699194	1	92
2.8668778143375	2	93
3.07040732174012	1	94
2.04532297878666	0	95
2.32014628611105	1	96
1.7160033436348	0	97
1.65321251377534	0	98
1.60205999132796	1	99
2.83569057149243	1	100
2.54777470538782	1	101
1.69019608002851	0	102
1.34242268082221	0	103
3.26387267686522	2.32192809488736	104
2.3384564936046	0	105
1.98677173426624	0	106
4.04450056237064	3.16992500144231	107
1.80617997398389	0	108
1.41497334797082	0	109
2.41329976408125	1	110
1.85125834871908	0	111
2.47567118832443	0	112
1.91907809237607	0	113
1.60205999132796	0	114
1.51851393987789	1	115
3.41027096425218	2	116
2.49415459401844	0	117
3.68957521575994	2.58496250072116	118
1.66275783168157	0	119
2.49136169383427	1	120
2.01283722470517	0	121
2.47421626407626	1	122
2.40823996531185	1.58496250072116	123
1.41497334797082	0	124
2.9698816437465	2	125
2.12710479836481	0	126
1.6232492903979	1	127
2.06069784035361	1	128
2.1846914308176	1	129
1.44715803134222	0	130
2.03342375548695	0	131
2.15836249209525	0	132
1.69897000433602	0	133
2.04532297878666	0	134
1.9912260756925	0	135
1.11394335230684	1	136
2.26245108973043	0	137
1.57978359661681	0	138
1.54406804435028	0	139
2.33445375115093	1	140
2.51321760006794	1	141
2.26481782300954	0	142
2.19033169817029	0	143
2.68574173860226	0	144
2.17318626841227	1	145
1.94939000664491	0	146
2.29003461136252	0	147
3.36977228859696	2	148
1.57978359661681	0	149
1.54406804435028	0	150
3.00259798071991	1.58496250072116	151
1.69897000433602	0	152
2.21748394421391	0	153
2.37291200297011	1	154
1.44715803134222	1	155
1.60205999132796	0	156
2.67577834167409	1	157
1.6232492903979	0	158
1.55630250076729	0	159
1.81954393554187	2	160
1.82607480270083	1	161
0.954242509439325	0	162
1.53147891704226	1	163
1.11394335230684	0	164
1.57978359661681	0	165
1	0	166
2	0	167
1.89762709129044	0	168
2.09342168516224	1	169
1.92427928606188	1	170
1.65321251377534	0	171
3.2145789535705	1.58496250072116	172
1.80617997398389	1	173
2.74663419893758	2	174
1.95424250943932	1	175
2.29666519026153	0	176
2.18752072083646	0	177
1.07918124604762	0	178
1.96378782734556	0	179
2.36361197989214	1.58496250072116	180
1.61278385671974	0	181
2.34439227368511	2	182
1.23044892137827	0	183
1.39794000867204	0	184
2.51982799377572	0	185
1.96378782734556	1	186
1.51851393987789	1	187
1.64345267648619	0	188
3.2771506139638	1.58496250072116	189
1.68124123737559	1.58496250072116	190
2.8109042806687	1	191
2.41664050733828	0	192
1.27875360095283	0	193
1.69019608002851	0	194
2.7664128471124	2	195
1.98227123303957	1	196
0.954242509439325	0	197
2.06818586174616	0	198
1.95424250943932	1.58496250072116	199
0.903089986991944	0	200
1.43136376415899	0	201
2.08278537031645	0	202
1.34242268082221	0	203
1.80617997398389	2	204
2.79169064902012	0	205
2.60422605308447	1	206
2.32633586092875	0	207
1.83250891270624	1	208
2.68484536164441	1	209
2.2718416065365	1	210
2.65030752313194	1	211
1.77815125038364	0	212
2.29446622616159	1	213
2.20682587603185	0	214
1.98677173426624	0	215
1.27875360095283	1	216
2.44090908206522	1	217
2.44090908206522	1	218
2.34439227368511	0	219
2.47129171105894	1.58496250072116	220
1.568201724067	0	221
2.24797326636181	0	222
1	0	223
1.57978359661681	2	224
2.04139268515823	0	225
1.53147891704226	0	226
3.03462845662532	1	227
1.69897000433602	0	228
1.79239168949825	0	229
1.68124123737559	0	230
1.20411998265592	0	231
1.70757017609794	1	232
1.6232492903979	0	233
1.14612803567824	0	234
2.04532297878666	0	235
1.77815125038364	0	236
3.11494441571258	1	237
1.17609125905568	0	238
2.92012332629072	1	239
1.14612803567824	0	240
1.43136376415899	0	241
1.46239799789896	0	242
1.38021124171161	0	243
0.954242509439325	0	244
2.72263392253381	1.58496250072116	245
2.55990662503611	1	246
3.18920948958231	2	247
0.903089986991944	0	248
0.477121254719662	0	249
1.47712125471966	0	250
2.16136800223497	0	251
1.61278385671974	0	252
1.74036268949424	1	253
0.778151250383644	0	254
2.05307844348342	0	255
1.68124123737559	0	256
1.27875360095283	1	257
2.22788670461367	1	258
1.86332286012046	0	259
1.568201724067	0	260
2.79448804665917	1.58496250072116	261
2.28555730900777	0	262
2.40823996531185	2	263
0.903089986991944	0	264
2.69897000433602	1	265
1.23044892137827	0	266
1.54406804435028	1	267
1.30102999566398	1.58496250072116	268
2.39445168082622	1	269
1.88081359228079	1	270
3.51772359483374	2	271
1.36172783601759	1	272
1.44715803134222	0	273
1.27875360095283	0	274
1.7160033436348	0	275
0.903089986991944	0	276
1.57978359661681	0	277
1.20411998265592	0	278
1.80617997398389	1	279
1.17609125905568	0	280
1.30102999566398	0	281
1.07918124604762	0	282
1	0	283
1.60205999132796	1	284
1.25527250510331	0	285
1.17609125905568	0	286
1.20411998265592	0	287
2.51188336097887	2	288
2.10380372095596	0	289
2.01283722470517	1	290
0.778151250383644	1	291
1.34242268082221	0	292
1.47712125471966	0	293
2.17609125905568	1.58496250072116	294
0.903089986991944	0	295
1.65321251377534	0	296
2.76566855475901	1	297
1.32221929473392	0	298
1.67209785793572	1	299
2.77305469336426	1.58496250072116	300
2.67851837904011	0	301
0.778151250383644	0	302
3.28981183911762	1.58496250072116	303
2.78746047451842	1	304
0.477121254719662	0	305
1.93449845124357	1	306
3.17868923977559	1	307
1.41497334797082	1	308
1.66275783168157	0	309
1.70757017609794	1	310
1.41497334797082	0	311
1.91907809237607	0	312
0.602059991327962	0	313
1.6232492903979	0	314
2.61489721603313	1	315
2.15228834438306	0	316
1.88649072517248	1	317
1.39794000867204	1	318
1.78532983501077	0	319
1.7160033436348	0	320
1.54406804435028	0	321
1.14612803567824	0	322
0.845098040014257	0	323
0.698970004336019	0	324
1.04139268515822	0	325
1.23044892137827	0	326
1.44715803134222	0	327
1.93449845124357	0	328
1.44715803134222	0	329
1.14612803567824	0	330
0.477121254719662	0	331
2.44715803134222	1	332
2.58994960132571	0	333
1.36172783601759	0	334
2.22271647114758	0	335
1.55630250076729	0	336
1.39794000867204	1	337
1.17609125905568	0	338
1.568201724067	1	339
1.23044892137827	0	340
1.55630250076729	0	341
0.845098040014257	0	342
1	0	343
1	0	344
1.55630250076729	1	345
2.55266821611219	1	346
1.54406804435028	0	347
2.60638136511061	1	348
1.43136376415899	0	349
1.46239799789896	0	350
1.55630250076729	0	351
2.83758843823551	0	352
1.17609125905568	0	353
1.79239168949825	0	354
0.778151250383644	0	355
1.7481880270062	0	356
1.67209785793572	0	357
1.50514997831991	0	358
1.54406804435028	0	359
0.698970004336019	0	360
0.778151250383644	0	361
0.698970004336019	0	362
1.93449845124357	1	363
1.41497334797082	1	364
1.07918124604762	1	365
1.11394335230684	0	366
2.68033551341456	1	367
0.698970004336019	0	368
1	0	369
1.41497334797082	0	370
0.778151250383644	0	371
0.845098040014257	0	372
1.97772360528885	0	373
2.74741180788642	1	374
0.845098040014257	0	375
0.903089986991944	0	376
1.17609125905568	0	377
1.80617997398389	0	378
1.88081359228079	0	379
0.954242509439325	0	380
2.68033551341456	1	381
1.07918124604762	0	382
0.698970004336019	0	383
1.44715803134222	0	384
1.30102999566398	0	385
1.7160033436348	0	386
1.27875360095283	0	387
1.57978359661681	0	388
1.11394335230684	0	389
0.903089986991944	0	390
1.94448267215017	0	391
0.903089986991944	0	392
0.845098040014257	0	393
1.27875360095283	1	394
1	0	395
0.903089986991944	0	396
1	0	397
1.30102999566398	0	398
1.32221929473392	1	399
0.954242509439325	0	400
0.602059991327962	0	401
0.954242509439325	0	402
2.11394335230684	0	403
1.50514997831991	0	404
1.86923171973098	1	405
1.07918124604762	0	406
1.74036268949424	0	407
1.7481880270062	0	408
1.41497334797082	0	409
1.36172783601759	0	410
1.85125834871908	0	411
1.23044892137827	0	412
1.32221929473392	0	413
0.954242509439325	1	414
1.04139268515822	0	415
1.54406804435028	0	416
1.17609125905568	0	417
2.77451696572855	2	418
0.954242509439325	0	419
1.36172783601759	0	420
2.11058971029925	0	421
1.41497334797082	1	422
1.39794000867204	0	423
1.34242268082221	1	424
2.28103336724773	1	425
1.49136169383427	1.58496250072116	426
1.32221929473392	0	427
1.83884909073726	1	428
0.845098040014257	0	429
1.39794000867204	0	430
1.64345267648619	0	431
1	0	432
0.903089986991944	0	433
2.54282542695918	2	434
2.22010808804006	0	435
1.14612803567824	0	436
1.54406804435028	0	437
0.903089986991944	0	438
0.698970004336019	0	439
1.568201724067	0	440
0.954242509439325	0	441
1.04139268515822	0	442
1.68124123737559	0	443
1	0	444
1.34242268082221	0	445
0.477121254719662	0	446
1.23044892137827	0	447
1.51851393987789	0	448
2.40140054078154	1	449
1.61278385671974	0	450
1.07918124604762	0	451
2.3384564936046	0	452
1.17609125905568	0	453
0.845098040014257	0	454
2	1	455
1.14612803567824	0	456
1.11394335230684	0	457
2.28780172993023	0	458
0.845098040014257	0	459
1.75587485567249	1	460
0.477121254719662	0	461
2.01283722470517	1	462
0.845098040014257	1	463
0.301029995663981	0	464
0.845098040014257	0	465
0.954242509439325	0	466
1.53147891704226	1	467
0.954242509439325	0	468
1.568201724067	0	469
1.5910646070265	0	470
0.602059991327962	0	471
0.954242509439325	0	472
3.11991541025799	2	473
2.1430148002541	1	474
0.954242509439325	0	475
1.17609125905568	0	476
1.73239375982297	0	477
1.55630250076729	0	478
2.2148438480477	1	479
0.698970004336019	0	480
1.43136376415899	0	481
1.54406804435028	1	482
1.47712125471966	0	483
1.30102999566398	0	484
0.778151250383644	0	485
1.11394335230684	0	486
2.56466606425209	0	487
1.81291335664286	0	488
0.477121254719662	0	489
0.477121254719662	0	490
1.86923171973098	0	491
1.43136376415899	0	492
0.301029995663981	0	493
0.778151250383644	0	494
0.602059991327962	0	495
1.07918124604762	0	496
0.903089986991944	0	497
1.49136169383427	1	498
1.23044892137827	0	499
2.45636603312904	1	500
0.602059991327962	0	501
0.301029995663981	0	502
0.477121254719662	0	503
1.14612803567824	0	504
1.07918124604762	0	505
1.89209460269048	1	506
1.30102999566398	0	507
1.46239799789896	0	508
1.96848294855394	0	509
1.49136169383427	0	510
0.602059991327962	0	511
0.778151250383644	0	512
1.17609125905568	0	513
1.23044892137827	0	514
0.845098040014257	1	515
0.778151250383644	0	516
1.69019608002851	0	517
0.845098040014257	0	518
1.36172783601759	0	519
2.24303804868629	1	520
1	0	521
0.778151250383644	0	522
2.5705429398819	0	523
1.07918124604762	1	524
1	0	525
1.41497334797082	0	526
0.698970004336019	0	527
1.04139268515822	0	528
0.698970004336019	0	529
0.845098040014257	0	530
2.04921802267018	2	531
0.301029995663981	0	532
1.04139268515822	0	533
0.778151250383644	0	534
0.301029995663981	0	535
1.20411998265592	0	536
0.954242509439325	0	537
1.61278385671974	1	538
1.9731278535997	1	539
0.698970004336019	0	540
1.43136376415899	0	541
1.51851393987789	0	542
1.53147891704226	1.58496250072116	543
0.602059991327962	0	544
0.477121254719662	0	545
0.845098040014257	1	546
0.698970004336019	0	547
1.88081359228079	1	548
1.23044892137827	0	549
1.23044892137827	0	550
1.14612803567824	0	551
0.477121254719662	0	552
0.778151250383644	0	553
1.07918124604762	0	554
0.602059991327962	0	555
0.477121254719662	0	556
2.47129171105894	1	557
0.698970004336019	0	558
1.57978359661681	0	559
1.51851393987789	0	560
1	0	561
1.49136169383427	0	562
2.15836249209525	1	563
1.38021124171161	0	564
1.17609125905568	0	565
2.60205999132796	0	566
0.903089986991944	0	567
0.602059991327962	0	568
0.602059991327962	0	569
1.46239799789896	0	570
0.602059991327962	0	571
2.08635983067475	1	572
1.23044892137827	1	573
2.01703333929878	1	574
1.36172783601759	0	575
1.89762709129044	0	576
0.954242509439325	0	577
1.23044892137827	1	578
0.698970004336019	1	579
1.20411998265592	0	580
1.77815125038364	1	581
0.954242509439325	0	582
1	0	583
1.20411998265592	0	584
1.80617997398389	0	585
0.778151250383644	0	586
1.86332286012046	0	587
0.903089986991944	0	588
1.79239168949825	0	589
0.602059991327962	0	590
0.698970004336019	0	591
0.301029995663981	0	592
0.954242509439325	0	593
1.07918124604762	0	594
0.954242509439325	0	595
0.845098040014257	0	596
0.698970004336019	0	597
1.14612803567824	0	598
1.30102999566398	0	599
1.67209785793572	1	600
0.698970004336019	0	601
2.04921802267018	1	602
2.20411998265593	0	603
1.47712125471966	0	604
0.698970004336019	0	605
0.602059991327962	0	606
0.903089986991944	0	607
1	0	608
0.845098040014257	0	609
0.301029995663981	0	610
0.903089986991944	0	611
0.903089986991944	1	612
0.778151250383644	0	613
0.698970004336019	0	614
1.34242268082221	0	615
1.04139268515822	1	616
1.23044892137827	0	617
0.477121254719662	0	618
1.92941892571429	0	619
1.14612803567824	0	620
0.477121254719662	0	621
1.74036268949424	0	622
0.477121254719662	1	623
1.30102999566398	0	624
1.6232492903979	0	625
0.698970004336019	0	626
1.20411998265592	2	627
1.64345267648619	0	628
1.7160033436348	0	629
2.89872518158949	1	630
1.17609125905568	0	631
1.54406804435028	0	632
1.6232492903979	0	633
0.602059991327962	0	634
1	0	635
0.845098040014257	0	636
0.602059991327962	0	637
1.07918124604762	0	638
1	0	639
0.301029995663981	0	640
0.602059991327962	0	641
0.778151250383644	0	642
1.39794000867204	1	643
1.78532983501077	1	644
1.25527250510331	0	645
1.14612803567824	0	646
1.14612803567824	0	647
1.38021124171161	0	648
0.301029995663981	0	649
0.698970004336019	0	650
0.602059991327962	0	651
1.34242268082221	0	652
1.27875360095283	0	653
1.63346845557959	0	654
0.778151250383644	0	655
0.954242509439325	0	656
0.845098040014257	0	657
0.903089986991944	0	658
0.954242509439325	0	659
2.83442070368153	0	660
0.301029995663981	0	661
1.30102999566398	1	662
0.477121254719662	0	663
0.477121254719662	0	664
1.74036268949424	1.58496250072116	665
0.477121254719662	0	666
0.301029995663981	0	667
0.602059991327962	0	668
1.25527250510331	0	669
1.30102999566398	0	670
1.17609125905568	0	671
0.301029995663981	0	672
0.602059991327962	0	673
1.32221929473392	0	674
1.72427586960079	1	675
1.43136376415899	1	676
1.30102999566398	1	677
0.954242509439325	0	678
1.07918124604762	0	679
0.954242509439325	0	680
0.477121254719662	0	681
0.602059991327962	0	682
1.85733249643127	1	683
1.27875360095283	0	684
1.63346845557959	0	685
0.778151250383644	0	686
0.698970004336019	0	687
1.46239799789896	0	688
1	0	689
1.11394335230684	0	690
2.02530586526477	0	691
0.477121254719662	0	692
1.04139268515822	0	693
0.778151250383644	0	694
1	1	695
1.41497334797082	0	696
2.07188200730613	0	697
2.19312459835446	1	698
0.301029995663981	0	699
1	0	700
1.25527250510331	1	701
2.79448804665917	1.58496250072116	702
1	0	703
2.11394335230684	1	704
1.34242268082221	0	705
1.04139268515822	0	706
1.77815125038364	1.58496250072116	707
1.91381385238372	1	708
0.477121254719662	0	709
1.27875360095283	0	710
0.698970004336019	1	711
1.32221929473392	0	712
0.698970004336019	0	713
0.301029995663981	0	714
1.49136169383427	0	715
1.17609125905568	0	716
2.24303804868629	1	717
2.32014628611105	1	718
3.54961623951909	2	719
0.845098040014257	0	720
0.602059991327962	0	721
0.301029995663981	0	722
0.602059991327962	0	723
1.07918124604762	0	724
0.477121254719662	0	725
0.845098040014257	0	726
1.04139268515822	0	727
0.477121254719662	0	728
0.301029995663981	0	729
1.49136169383427	0	730
2.09342168516224	1	731
0.301029995663981	0	732
2.01283722470517	1	733
0.477121254719662	0	734
1.25527250510331	1	735
1.04139268515822	0	736
1.11394335230684	0	737
2.72916478969277	2	738
1.34242268082221	0	739
0.778151250383644	1	740
1.30102999566398	0	741
1	0	742
1.23044892137827	0	743
1.34242268082221	0	744
0.954242509439325	0	745
1.20411998265592	0	746
1.20411998265592	0	747
1.36172783601759	0	748
2.67486114073781	0	749
0.903089986991944	0	750
0.954242509439325	1	751
1	0	752
0.903089986991944	0	753
0.698970004336019	0	754
0.301029995663981	0	755
0.301029995663981	0	756
0.845098040014257	0	757
1.46239799789896	0	758
1.34242268082221	0	759
1.14612803567824	0	760
0.301029995663981	0	761
0.602059991327962	0	762
1.49136169383427	0	763
1.04139268515822	0	764
0.845098040014257	0	765
0.903089986991944	0	766
0.301029995663981	0	767
0.778151250383644	0	768
1	0	769
0.602059991327962	0	770
0.477121254719662	0	771
1.25527250510331	0	772
1.14612803567824	0	773
0.477121254719662	0	774
0.698970004336019	0	775
0.602059991327962	0	776
1.25527250510331	0	777
0.602059991327962	0	778
1.39794000867204	0	779
0.301029995663981	0	780
0.698970004336019	0	781
1.51851393987789	0	782
1.54406804435028	2	783
0.698970004336019	0	784
0.301029995663981	0	785
0.301029995663981	0	786
0.477121254719662	0	787
0.778151250383644	0	788
0.954242509439325	0	789
0.602059991327962	0	790
0.903089986991944	0	791
1.14612803567824	0	792
0.602059991327962	0	793
0.602059991327962	0	794
0.845098040014257	0	795
0.301029995663981	0	796
0.301029995663981	0	797
0.301029995663981	0	798
2.39445168082622	1	799
0.778151250383644	0	800
0.698970004336019	0	801
0.477121254719662	0	802
0.698970004336019	1	803
1.38021124171161	0	804
0.954242509439325	0	805
1.07918124604762	0	806
1.25527250510331	0	807
1.07918124604762	0	808
2.48572142648158	1	809
0.477121254719662	0	810
0.477121254719662	0	811
1.23044892137827	0	812
0.301029995663981	0	813
1.07918124604762	1	814
0.954242509439325	0	815
2.40312052117582	1	816
1.47712125471966	0	817
0.301029995663981	0	818
0.903089986991944	0	819
0.602059991327962	0	820
0.954242509439325	0	821
1.27875360095283	0	822
2.56110138364906	1	823
2.48287358360875	0	824
1.41497334797082	0	825
1.63346845557959	1	826
2.20682587603185	1.58496250072116	827
0.778151250383644	0	828
0.845098040014257	0	829
1.88081359228079	0	830
1.49136169383427	0	831
0.698970004336019	0	832
0.845098040014257	0	833
1.04139268515822	0	834
1.32221929473392	0	835
0.301029995663981	0	836
1.07918124604762	0	837
1.38021124171161	0	838
1.07918124604762	0	839
0.301029995663981	0	840
0.845098040014257	0	841
0.778151250383644	0	842
1.68124123737559	0	843
0.602059991327962	0	844
1.88649072517248	0	845
2.15836249209525	1	846
0.954242509439325	0	847
1.50514997831991	0	848
0.778151250383644	0	849
0.903089986991944	0	850
0.845098040014257	0	851
1.32221929473392	0	852
1	1	853
0.778151250383644	0	854
0.698970004336019	0	855
1.23044892137827	0	856
0.477121254719662	0	857
0.954242509439325	0	858
0.698970004336019	0	859
2.57978359661681	0	860
1.74036268949424	0	861
0.301029995663981	0	862
0.602059991327962	0	863
0.845098040014257	0	864
1.51851393987789	0	865
0.301029995663981	0	866
0.698970004336019	0	867
1	0	868
1.11394335230684	0	869
1	1	870
1.61278385671974	0	871
0.477121254719662	0	872
1	1	873
1.04139268515822	1	874
0.698970004336019	0	875
1.49136169383427	1.58496250072116	876
0.477121254719662	0	877
0.301029995663981	0	878
0.698970004336019	0	879
2.29225607135648	1	880
1.25527250510331	0	881
0.301029995663981	0	882
1.07918124604762	1	883
0.602059991327962	1	884
0.954242509439325	1	885
0.301029995663981	0	886
1.23044892137827	1	887
0.477121254719662	0	888
0.477121254719662	0	889
0	0	890
0.301029995663981	0	891
0.477121254719662	0	892
0.778151250383644	0	893
0.778151250383644	0	894
0.301029995663981	0	895
0.903089986991944	0	896
1.17609125905568	0	897
0.301029995663981	0	898
0.602059991327962	0	899
0.954242509439325	0	900
1.04139268515822	0	901
0.698970004336019	1	902
1.20411998265592	0	903
0.477121254719662	0	904
2.05307844348342	0	905
0.301029995663981	0	906
1.83250891270624	0	907
0.698970004336019	0	908
0	0	909
1.57978359661681	0	910
0.845098040014257	0	911
0.778151250383644	0	912
0.602059991327962	0	913
0	0	914
0.954242509439325	0	915
0.778151250383644	0	916
0.845098040014257	0	917
0.698970004336019	0	918
0.301029995663981	0	919
1.11394335230684	0	920
1.65321251377534	0	921
0.301029995663981	0	922
0.477121254719662	0	923
0.778151250383644	0	924
0.602059991327962	0	925
0.778151250383644	0	926
1.11394335230684	0	927
0.301029995663981	0	928
0.301029995663981	0	929
0	0	930
0	0	931
0.778151250383644	0	932
0.778151250383644	0	933
0.698970004336019	1	934
0.477121254719662	0	935
1	0	936
0.778151250383644	0	937
0	0	938
0.477121254719662	0	939
0.301029995663981	0	940
0.477121254719662	0	941
1.04139268515822	0	942
0.301029995663981	0	943
0.301029995663981	0	944
0.301029995663981	0	945
0.602059991327962	0	946
1.44715803134222	0	947
0.602059991327962	0	948
0.301029995663981	0	949
0.602059991327962	0	950
0.698970004336019	0	951
0.477121254719662	0	952
0.477121254719662	0	953
0.477121254719662	0	954
0.301029995663981	0	955
0	0	956
0.903089986991944	0	957
0.903089986991944	0	958
0.477121254719662	0	959
1.11394335230684	0	960
0	0	961
0	0	962
0.602059991327962	0	963
1.7160033436348	0	964
1	1	965
1.25527250510331	0	966
1.04139268515822	0	967
1	0	968
2.34044411484012	1	969
2.33041377334919	1	970
0.845098040014257	0	971
0.301029995663981	0	972
0.778151250383644	0	973
0	0	974
0.301029995663981	0	975
0.477121254719662	0	976
2.29003461136252	0	977
0.778151250383644	0	978
0.698970004336019	0	979
0.698970004336019	0	980
0.301029995663981	1	981
0.301029995663981	0	982
0.301029995663981	0	983
0	0	984
1.07918124604762	1	985
0	0	986
0.845098040014257	0	987
1.11394335230684	0	988
0.477121254719662	0	989
0.477121254719662	0	990
0.477121254719662	0	991
1.04139268515822	0	992
0.477121254719662	0	993
0.778151250383644	0	994
0.477121254719662	0	995
0.778151250383644	0	996
0	0	997
1.17609125905568	1	998
0.301029995663981	0	999
0.301029995663981	0	1000
1.23044892137827	0	1001
0	0	1002
0.301029995663981	0	1003
0.301029995663981	0	1004
0.301029995663981	0	1005
0	0	1006
0.301029995663981	0	1007
0.778151250383644	0	1008
0	0	1009
0.778151250383644	0	1010
0	0	1011
0.301029995663981	0	1012
0.301029995663981	0	1013
0.903089986991944	0	1014
0.477121254719662	0	1015
0.698970004336019	0	1016
1.11394335230684	0	1017
0	0	1018
0	0	1019
1.20411998265592	1	1020
0.845098040014257	0	1021
0	0	1022
0	0	1023
0	0	1024
0.301029995663981	1	1025
0	0	1026
0.778151250383644	0	1027
0.698970004336019	0	1028
0.477121254719662	0	1029
0.477121254719662	0	1030
0.778151250383644	0	1031
0.602059991327962	0	1032
1.25527250510331	0	1033
0.477121254719662	0	1034
0.698970004336019	0	1035
1.07918124604762	0	1036
2.23552844690755	1	1037
0.301029995663981	0	1038
0.301029995663981	0	1039
0	0	1040
0.778151250383644	0	1041
0.698970004336019	0	1042
0.301029995663981	0	1043
0.301029995663981	0	1044
0.698970004336019	0	1045
1.51851393987789	0	1046
0.698970004336019	1	1047
0.778151250383644	0	1048
1.14612803567824	0	1049
0.602059991327962	0	1050
0.477121254719662	0	1051
0.477121254719662	1	1052
1.90848501887865	0	1053
0.602059991327962	0	1054
1.51851393987789	0	1055
0.903089986991944	0	1056
1.04139268515822	0	1057
0.845098040014257	0	1058
0	0	1059
0	0	1060
2.12710479836481	0	1061
0.698970004336019	0	1062
1.04139268515822	1	1063
0	0	1064
0	0	1065
0.698970004336019	0	1066
1.23044892137827	0	1067
0.301029995663981	1	1068
2.13033376849501	0	1069
0.903089986991944	0	1070
0.954242509439325	1	1071
0.301029995663981	0	1072
0.845098040014257	0	1073
0.602059991327962	0	1074
0.477121254719662	0	1075
0.301029995663981	0	1076
0.301029995663981	0	1077
1.07918124604762	0	1078
0.301029995663981	0	1079
0	0	1080
0.698970004336019	0	1081
0.698970004336019	0	1082
1	0	1083
0.602059991327962	0	1084
0.778151250383644	0	1085
1.57978359661681	0	1086
1.72427586960079	0	1087
0.698970004336019	0	1088
0.778151250383644	0	1089
0	0	1090
1	1	1091
0.778151250383644	0	1092
0.301029995663981	0	1093
0	0	1094
1.07918124604762	1	1095
0.602059991327962	0	1096
0.845098040014257	0	1097
0.778151250383644	0	1098
0.477121254719662	0	1099
0.477121254719662	0	1100
0.954242509439325	0	1101
0.778151250383644	0	1102
0.602059991327962	0	1103
0	0	1104
0	0	1105
0.698970004336019	0	1106
1.17609125905568	1	1107
0.301029995663981	0	1108
0.602059991327962	0	1109
0.477121254719662	0	1110
0	0	1111
0	0	1112
0	0	1113
0.301029995663981	0	1114
0	0	1115
0.602059991327962	0	1116
0.301029995663981	0	1117
0.477121254719662	0	1118
0.954242509439325	0	1119
0.954242509439325	0	1120
0.954242509439325	0	1121
0.602059991327962	0	1122
0.698970004336019	0	1123
1.75587485567249	0	1124
0.477121254719662	0	1125
0.301029995663981	0	1126
0.698970004336019	0	1127
0.602059991327962	0	1128
0.301029995663981	0	1129
0.698970004336019	0	1130
0.477121254719662	0	1131
0	0	1132
0.301029995663981	0	1133
1.04139268515822	0	1134
0	0	1135
0	0	1136
0.301029995663981	0	1137
1.30102999566398	0	1138
1	0	1139
0	0	1140
1.51851393987789	0	1141
0	0	1142
1.17609125905568	0	1143
0.602059991327962	0	1144
0.954242509439325	0	1145
0	0	1146
0	0	1147
1.51851393987789	1	1148
1.32221929473392	0	1149
0	0	1150
1.41497334797082	1.58496250072116	1151
0.903089986991944	0	1152
0.301029995663981	0	1153
0	0	1154
0	0	1155
1.568201724067	1	1156
0.845098040014257	0	1157
0	0	1158
0	0	1159
0.301029995663981	1	1160
0.477121254719662	0	1161
0.698970004336019	0	1162
0.845098040014257	0	1163
0	0	1164
0	0	1165
0.698970004336019	1	1166
0.301029995663981	0	1167
0	0	1168
0.698970004336019	0	1169
0.301029995663981	0	1170
0.477121254719662	0	1171
0.301029995663981	0	1172
0.778151250383644	0	1173
1.20411998265592	0	1174
1.44715803134222	0	1175
0	0	1176
0.301029995663981	0	1177
0.477121254719662	0	1178
1.57978359661681	0	1179
0.477121254719662	0	1180
0.301029995663981	0	1181
0	0	1182
0.845098040014257	0	1183
0.477121254719662	0	1184
0	0	1185
0.698970004336019	0	1186
0.845098040014257	0	1187
0.698970004336019	0	1188
0.698970004336019	0	1189
0	0	1190
0.301029995663981	0	1191
0.301029995663981	0	1192
0	0	1193
0.301029995663981	0	1194
1.25527250510331	0	1195
0.301029995663981	0	1196
0.903089986991944	0	1197
0.778151250383644	0	1198
0.477121254719662	0	1199
1	0	1200
1.44715803134222	0	1201
1.11394335230684	0	1202
0	0	1203
0.845098040014257	0	1204
0.602059991327962	0	1205
0	0	1206
0.301029995663981	0	1207
0.301029995663981	0	1208
0.301029995663981	0	1209
1.11394335230684	0	1210
1.93449845124357	0	1211
0.602059991327962	0	1212
0.477121254719662	1	1213
0	0	1214
0.477121254719662	0	1215
1.17609125905568	0	1216
0.602059991327962	0	1217
0	0	1218
0.698970004336019	0	1219
0.301029995663981	0	1220
0.602059991327962	0	1221
0	0	1222
0	0	1223
1.07918124604762	0	1224
0.477121254719662	0	1225
0.602059991327962	0	1226
0.845098040014257	0	1227
0.301029995663981	0	1228
0.954242509439325	0	1229
0.903089986991944	0	1230
1.11394335230684	1	1231
0.602059991327962	0	1232
0.698970004336019	0	1233
0.903089986991944	0	1234
0.778151250383644	0	1235
0	0	1236
0.477121254719662	0	1237
0.477121254719662	0	1238
0.477121254719662	0	1239
0.301029995663981	0	1240
0.602059991327962	0	1241
0	0	1242
0.903089986991944	0	1243
0.477121254719662	0	1244
0	0	1245
0.301029995663981	0	1246
0.301029995663981	0	1247
0.301029995663981	0	1248
0.602059991327962	0	1249
0.845098040014257	0	1250
0.903089986991944	0	1251
0.954242509439325	0	1252
0.698970004336019	0	1253
0.477121254719662	0	1254
0.698970004336019	0	1255
0.845098040014257	0	1256
1.25527250510331	0	1257
1	0	1258
0	0	1259
0.778151250383644	0	1260
0.602059991327962	0	1261
0	0	1262
0.698970004336019	0	1263
0.301029995663981	0	1264
0.903089986991944	0	1265
0.477121254719662	0	1266
0.954242509439325	0	1267
0.477121254719662	0	1268
0.845098040014257	0	1269
0	0	1270
0.778151250383644	0	1271
1.32221929473392	0	1272
1	0	1273
0.477121254719662	0	1274
0.903089986991944	0	1275
0	0	1276
0	0	1277
0.845098040014257	0	1278
0.301029995663981	0	1279
0.301029995663981	0	1280
0.477121254719662	0	1281
0	0	1282
0.602059991327962	0	1283
0.698970004336019	0	1284
1	0	1285
0	0	1286
1.30102999566398	1	1287
1.11394335230684	0	1288
0.778151250383644	0	1289
0	0	1290
1.51851393987789	0	1291
0.301029995663981	0	1292
0.477121254719662	0	1293
0.954242509439325	0	1294
1.23044892137827	0	1295
0.903089986991944	0	1296
0.477121254719662	0	1297
0.477121254719662	1	1298
0.301029995663981	0	1299
1.32221929473392	1	1300
0.845098040014257	0	1301
0	0	1302
0.477121254719662	0	1303
2.11058971029925	1	1304
1.04139268515822	0	1305
1.32221929473392	0	1306
0	0	1307
0	0	1308
0.602059991327962	0	1309
0.954242509439325	0	1310
0	0	1311
0.778151250383644	0	1312
0	0	1313
1	0	1314
0.698970004336019	0	1315
0	0	1316
1.17609125905568	1	1317
0	0	1318
0	0	1319
0	0	1320
1	0	1321
0	0	1322
0	0	1323
0.301029995663981	0	1324
0	0	1325
0.301029995663981	0	1326
0.301029995663981	0	1327
0.778151250383644	0	1328
0.477121254719662	0	1329
0	0	1330
2.10380372095596	0	1331
0	0	1332
0.698970004336019	0	1333
0.477121254719662	0	1334
0	0	1335
0.301029995663981	0	1336
0.301029995663981	0	1337
0.698970004336019	0	1338
0.698970004336019	0	1339
0.477121254719662	0	1340
1.07918124604762	0	1341
0.698970004336019	0	1342
0	0	1343
0	0	1344
0.778151250383644	0	1345
0	0	1346
0	0	1347
0	0	1348
0.477121254719662	0	1349
0.698970004336019	0	1350
1.43136376415899	1	1351
0.903089986991944	0	1352
2.02118929906994	0	1353
0	0	1354
0.954242509439325	0	1355
0.301029995663981	0	1356
0.301029995663981	0	1357
0.778151250383644	0	1358
1.51851393987789	0	1359
0.602059991327962	0	1360
0.698970004336019	0	1361
0	0	1362
0	0	1363
0.301029995663981	0	1364
0.301029995663981	0	1365
1.14612803567824	0	1366
1.27875360095283	1	1367
0.301029995663981	0	1368
0	0	1369
0.602059991327962	0	1370
0.954242509439325	0	1371
0.301029995663981	0	1372
0.301029995663981	0	1373
0	0	1374
0	0	1375
0	0	1376
0.903089986991944	0	1377
0	0	1378
0	0	1379
1.44715803134222	0	1380
0.301029995663981	0	1381
1.93951925261862	0	1382
1.89209460269048	0	1383
0	0	1384
0.301029995663981	0	1385
0	0	1386
0.477121254719662	0	1387
0	0	1388
0.477121254719662	0	1389
0	0	1390
1.17609125905568	0	1391
0	0	1392
0.301029995663981	0	1393
0.301029995663981	0	1394
0	0	1395
0	0	1396
0	0	1397
0.602059991327962	0	1398
0.301029995663981	0	1399
0.301029995663981	0	1400
0.602059991327962	0	1401
1.61278385671974	1	1402
0.602059991327962	0	1403
0	0	1404
0.954242509439325	0	1405
0.301029995663981	0	1406
0.903089986991944	0	1407
0.301029995663981	0	1408
0.301029995663981	0	1409
0	0	1410
0	0	1411
0.778151250383644	0	1412
0.477121254719662	0	1413
1.53147891704226	0	1414
1.75587485567249	1	1415
1.14612803567824	1	1416
0.602059991327962	0	1417
0	0	1418
0	0	1419
0	0	1420
1.57978359661681	0	1421
0.698970004336019	0	1422
0	0	1423
0	0	1424
1.20411998265592	1	1425
0.602059991327962	0	1426
1	0	1427
0.602059991327962	0	1428
1.14612803567824	0	1429
1.36172783601759	0	1430
0.301029995663981	0	1431
1.47712125471966	0	1432
0.698970004336019	0	1433
0	0	1434
0.477121254719662	0	1435
0	0	1436
0.698970004336019	0	1437
0.301029995663981	0	1438
2.34439227368511	1.58496250072116	1439
0	0	1440
0	0	1441
0	0	1442
0	0	1443
0.301029995663981	0	1444
0	0	1445
0.477121254719662	0	1446
0.954242509439325	0	1447
0.477121254719662	0	1448
0.477121254719662	0	1449
0	0	1450
0	0	1451
1.14612803567824	0	1452
2.4983105537896	1	1453
0	0	1454
1	0	1455
1.41497334797082	1	1456
0	0	1457
0.301029995663981	0	1458
0	0	1459
0.778151250383644	0	1460
0.301029995663981	0	1461
0.301029995663981	0	1462
1.32221929473392	0	1463
0.698970004336019	0	1464
0.301029995663981	0	1465
0.954242509439325	0	1466
1.27875360095283	0	1467
0.301029995663981	0	1468
0	0	1469
0.778151250383644	0	1470
0	0	1471
0.602059991327962	0	1472
0.602059991327962	0	1473
0.954242509439325	0	1474
0.954242509439325	0	1475
0	0	1476
0	0	1477
0	0	1478
0	0	1479
0	0	1480
0.698970004336019	0	1481
0.698970004336019	0	1482
0.778151250383644	0	1483
0.602059991327962	0	1484
0	0	1485
0	0	1486
1.04139268515822	1	1487
0.301029995663981	0	1488
0.477121254719662	0	1489
0.301029995663981	0	1490
0	0	1491
0.845098040014257	0	1492
0.602059991327962	0	1493
1.82607480270083	0	1494
0.698970004336019	0	1495
0	0	1496
0	0	1497
0.301029995663981	0	1498
0	0	1499
0	0	1500
0.301029995663981	0	1501
0.602059991327962	0	1502
0.301029995663981	0	1503
0	0	1504
1.27875360095283	0	1505
0	0	1506
0.301029995663981	0	1507
0.602059991327962	0	1508
0	0	1509
0	0	1510
0.477121254719662	0	1511
0.477121254719662	0	1512
0	0	1513
0	0	1514
1.38021124171161	0	1515
0.301029995663981	0	1516
0.602059991327962	0	1517
0.301029995663981	0	1518
0.477121254719662	0	1519
1.64345267648619	0	1520
1.88649072517248	1	1521
0	0	1522
0	0	1523
0.301029995663981	0	1524
0	0	1525
0.301029995663981	0	1526
0.477121254719662	0	1527
0	0	1528
0.698970004336019	0	1529
1.11394335230684	0	1530
0.477121254719662	0	1531
0.845098040014257	0	1532
0	0	1533
0	0	1534
0.954242509439325	0	1535
0.698970004336019	0	1536
0	0	1537
1.70757017609794	1	1538
0	0	1539
0.477121254719662	0	1540
0.301029995663981	0	1541
0.698970004336019	0	1542
0.954242509439325	0	1543
0.301029995663981	0	1544
0.477121254719662	0	1545
2.07554696139253	0	1546
0.698970004336019	0	1547
0.301029995663981	0	1548
0.301029995663981	0	1549
0	0	1550
0.602059991327962	0	1551
0.698970004336019	0	1552
0.301029995663981	0	1553
0.698970004336019	0	1554
0	0	1555
0	0	1556
0	0	1557
0	0	1558
0	0	1559
0.602059991327962	0	1560
0.477121254719662	0	1561
0.477121254719662	1	1562
0.477121254719662	0	1563
1.23044892137827	0	1564
0	0	1565
0.301029995663981	0	1566
1.34242268082221	0	1567
0.903089986991944	0	1568
0.301029995663981	0	1569
0.602059991327962	0	1570
0	0	1571
0	0	1572
0.477121254719662	0	1573
0.477121254719662	0	1574
0	0	1575
0	0	1576
0	0	1577
0.301029995663981	0	1578
0.477121254719662	0	1579
0.602059991327962	0	1580
0.477121254719662	0	1581
0	0	1582
0	0	1583
1.20411998265592	0	1584
0.602059991327962	0	1585
0.477121254719662	0	1586
0.954242509439325	0	1587
0	0	1588
0.845098040014257	0	1589
0.602059991327962	0	1590
0	0	1591
0	0	1592
0	0	1593
0.301029995663981	0	1594
1	0	1595
0.477121254719662	0	1596
0.301029995663981	0	1597
0.477121254719662	0	1598
0.602059991327962	0	1599
0	0	1600
0	0	1601
0	0	1602
0	0	1603
0	0	1604
0	0	1605
0	0	1606
0	0	1607
0.698970004336019	0	1608
0.602059991327962	0	1609
0	0	1610
0.954242509439325	0	1611
1.30102999566398	1	1612
1.11394335230684	0	1613
1	0	1614
1.32221929473392	0	1615
0.698970004336019	0	1616
0.778151250383644	0	1617
0	0	1618
0.301029995663981	0	1619
0.301029995663981	0	1620
1.30102999566398	0	1621
0.903089986991944	0	1622
0.602059991327962	0	1623
0	0	1624
0	0	1625
0	0	1626
0	0	1627
0	0	1628
0	0	1629
0	0	1630
0	0	1631
0	0	1632
0	0	1633
1.90308998699194	0	1634
0.602059991327962	1	1635
0.477121254719662	0	1636
0	0	1637
0.954242509439325	0	1638
0	0	1639
0	0	1640
0	0	1641
0.602059991327962	0	1642
0.477121254719662	0	1643
0	0	1644
0.301029995663981	0	1645
0.301029995663981	0	1646
0	0	1647
0.602059991327962	0	1648
0.845098040014257	0	1649
2.14612803567824	0	1650
0.477121254719662	0	1651
0.301029995663981	0	1652
0.301029995663981	0	1653
0.778151250383644	0	1654
0	0	1655
0	0	1656
0	0	1657
0	0	1658
0	0	1659
0.301029995663981	0	1660
0.845098040014257	1	1661
0.477121254719662	0	1662
0.301029995663981	0	1663
0.698970004336019	0	1664
0.778151250383644	0	1665
0	0	1666
0	0	1667
0.602059991327962	0	1668
0.301029995663981	0	1669
1.41497334797082	1	1670
0.301029995663981	0	1671
0.477121254719662	0	1672
0.301029995663981	0	1673
1.17609125905568	0	1674
0	0	1675
0.301029995663981	0	1676
0.778151250383644	0	1677
0.301029995663981	0	1678
0.602059991327962	0	1679
0.954242509439325	0	1680
0	0	1681
0	0	1682
0.477121254719662	0	1683
1.99563519459755	0	1684
0.698970004336019	0	1685
0.602059991327962	0	1686
0.301029995663981	0	1687
0	0	1688
1.57978359661681	0	1689
0	0	1690
0.477121254719662	0	1691
1.74036268949424	0	1692
0.778151250383644	0	1693
0	0	1694
0.477121254719662	0	1695
0.477121254719662	0	1696
0.778151250383644	0	1697
1.20411998265592	0	1698
0.301029995663981	0	1699
0.477121254719662	0	1700
0.954242509439325	1	1701
0.477121254719662	0	1702
0.301029995663981	0	1703
0.602059991327962	0	1704
0	0	1705
0	0	1706
0	0	1707
0.845098040014257	0	1708
0.602059991327962	0	1709
0.301029995663981	0	1710
0.778151250383644	0	1711
0	0	1712
0.845098040014257	0	1713
0	0	1714
0.477121254719662	0	1715
0.301029995663981	0	1716
0.301029995663981	0	1717
0.301029995663981	0	1718
0.301029995663981	0	1719
0.301029995663981	0	1720
1.04139268515822	0	1721
1.50514997831991	0	1722
0.845098040014257	0	1723
0	0	1724
0.301029995663981	0	1725
0	0	1726
0	0	1727
0	0	1728
0.602059991327962	0	1729
0.602059991327962	0	1730
0.778151250383644	0	1731
0.301029995663981	0	1732
0.301029995663981	0	1733
0	0	1734
0	0	1735
0.477121254719662	0	1736
0.301029995663981	0	1737
0.477121254719662	0	1738
0	0	1739
0.903089986991944	0	1740
0.845098040014257	0	1741
1.51851393987789	0	1742
0	0	1743
0	0	1744
0.698970004336019	0	1745
0.477121254719662	0	1746
0.845098040014257	0	1747
0.477121254719662	0	1748
0	0	1749
0	0	1750
0.698970004336019	0	1751
0.477121254719662	0	1752
0.301029995663981	0	1753
0	0	1754
0	0	1755
0.477121254719662	0	1756
0.477121254719662	0	1757
0.698970004336019	1	1758
0.602059991327962	0	1759
0.301029995663981	0	1760
0.477121254719662	0	1761
0.477121254719662	0	1762
0.602059991327962	0	1763
0.301029995663981	0	1764
0.301029995663981	0	1765
0	0	1766
0.301029995663981	0	1767
0	0	1768
0	0	1769
0	0	1770
0.698970004336019	0	1771
0	0	1772
0	0	1773
0	0	1774
0	0	1775
0.301029995663981	0	1776
0.301029995663981	0	1777
0.301029995663981	0	1778
0	0	1779
0	0	1780
0	0	1781
0.301029995663981	0	1782
0	0	1783
0.301029995663981	0	1784
0	0	1785
0	0	1786
0.301029995663981	0	1787
0.477121254719662	0	1788
0.301029995663981	0	1789
0.301029995663981	0	1790
0	0	1791
0	0	1792
0	0	1793
0	0	1794
1.17609125905568	0	1795
0.301029995663981	0	1796
0	0	1797
0.301029995663981	0	1798
0	0	1799
0	0	1800
0.954242509439325	0	1801
0.301029995663981	0	1802
0.301029995663981	0	1803
0.602059991327962	0	1804
0.477121254719662	0	1805
0	0	1806
0.602059991327962	0	1807
