x	y
-1.8926761722644	0.807804201320309
-0.799441219488048	0.285143111946641
-2.1468155193192	1.0274235603757
-0.60062682755772	0.237137258405355
-0.416077278098429	0.123911942954984
-0.858770352051118	0.391388331456393
0.0795649156187852	0.0233536798027966
0.127904097157768	0.0255858011311334
-0.232248492579771	0.0879699430977816
-1.11085471790623	0.460482169328566
-0.599904974572792	0.23317324015938
0.446339781208166	0.157839264318693
0.270879571002588	0.12942434225014
0.0648247865649052	0.0217130810583025
-0.743741957050722	0.445626809556225
-0.326962355350087	0.167969607493666
-0.414718141158292	0.123297448909558
0.0818420031498195	0.0239086760718212
-0.577768620300488	0.307332071668162
-1.40816360331702	0.894969718055934
-1.80062223536367	0.442697734012975
0.0687118338011687	0.023044626669583
-0.416320129144744	0.123600538665229
-1.80062223536367	0.442697734012975
-0.85092952688495	0.390372620264562
-0.801504983557974	0.282671122588994
