x	y	clickSelects
0.03985847242889	-1.77797127536467	622
-0.0157492299355	-2.49566975465926	300
-0.0322968288547001	-1.71903940281508	11
-0.01306412249936	-2.42309671115167	880
0.00759915133926992	-2.22272331211947	172
-0.0111224463694699	-1.794788934887	38
0.0114762995642801	-2.20006318716552	107
0.0274870724171099	-1.94726815197028	381
0.08205273725195	-2.35820222451225	167
-0.10241342586081	-2.20355299291168	479
0.0533570046429801	-2.41892582402909	479
0.0237459147210799	-2.06100318051608	381
0.0529560477200599	-2.35873749561205	75
-0.12110760266263	-1.90479555242382	247
-0.0980239927511399	-1.33140712074656	247
-0.0289107936298301	-1.56807228146742	247
0.12456552253802	-2.33071287252852	54
0.0684054498914399	-2.12966442791826	54
-0.07435453414339	-2.08653684495283	26
-0.01027853874525	-1.92025527532718	237
-0.0253898671394599	1.40270354791292	207
0.02875320328745	1.76594286586119	207
-0.0908795282416099	-1.61854732398153	487
-0.00984925610614007	-1.92907373970476	54
-0.0623332408698101	-2.34137678690178	54
0.0562112329422699	-1.80606521658707	474
0.00927329715379011	-2.46266477778489	18
-0.0831734844480701	-2.06388342164464	474
0.10088360729607	-2.37875970861114	245
-0.0414771634925899	-1.19470814290174	13
0.03106215891779	-1.93872179080718	13
0.09596680856011	-2.09119184050355	719
0.00887853175858	-2.19237976733896	90
-0.05889122759029	-2.36308271615085	90
0.0627823386248101	-1.93348471828831	125
-0.00842823877197008	-0.48307592408439	90
0.0660372716829301	-0.899523372592914	13
0.0457804937617401	-0.773865473794342	90
0.0645828089296801	-0.0235178799511742	90
-0.0868101016823699	-1.23386449839101	118
0.10582969760495	-1.67045429964534	90
0.12119968459229	-2.3581120600358	405
0.06630788651135	-2.13443046856089	13
-0.12249651925686	-2.36443548504109	191
0.02886970822613	-2.3432626697502	62
-0.0283347912721801	-2.07281171392245	62
-0.11576231278482	-1.96066276956429	346
