group	fill	clickSelects
1	#FFFFFF	707
2	#FFFFFF	707
3	#FFFFFF	199
4	#FFFFFF	50
5	#FFFFFF	50
6	#FFFFFF	50
7	#FFFFFF	1798
8	#FFFFFF	32
9	#FFFFFF	32
10	#FFFFFF	32
11	#FFFFFF	32
12	#FFFFFF	32
13	#FFFFFF	32
14	#FFFFFF	199
15	#FFFFFF	32
16	#FFFFFF	901
17	#FFFFFF	901
18	#FFFFFF	86
19	#FFFFFF	86
20	#FFFFFF	551
21	#FFFFFF	86
23	#FFFFFF	86
24	#FFFFFF	86
25	#FFFFFF	50
26	#FFFFFF	86
27	#FFFFFF	32
28	#FFFFFF	32
29	#FFFFFF	86
30	#FFFFFF	32
31	#FFFFFF	86
32	#FFFFFF	32
33	#FFFFFF	86
34	#FFFFFF	32
35	#FFFFFF	32
36	#FFFFFF	50
37	#FFFFFF	319
38	#FFFFFF	319
39	#FFFFFF	319
40	#FFFFFF	319
41	#FFFFFF	32
42	#FFFFFF	319
43	#FFFFFF	32
44	#FFFFFF	32
45	#FFFFFF	32
46	#FFFFFF	50
47	#FFFFFF	50
48	#FFFFFF	50
49	#FFFFFF	50
50	#FFFFFF	50
52	#FFFFFF	707
53	#FFFFFF	707
54	#FFFFFF	50
55	#FFFFFF	50
56	#FFFFFF	50
57	#FFFFFF	50
58	#FFFFFF	1798
59	#FFFFFF	32
60	#FFFFFF	32
61	#FFFFFF	32
62	#FFFFFF	32
63	#FFFFFF	32
64	#FFFFFF	199
65	#FFFFFF	32
66	#FFFFFF	32
67	#FFFFFF	901
68	#FFFFFF	86
69	#FFFFFF	86
70	#FFFFFF	86
71	#FFFFFF	86
72	#FFFFFF	86
73	#FFFFFF	86
74	#FFFFFF	86
75	#FFFFFF	50
76	#FFFFFF	86
77	#FFFFFF	32
78	#FFFFFF	32
79	#FFFFFF	86
80	#FFFFFF	32
81	#FFFFFF	86
82	#FFFFFF	32
83	#FFFFFF	32
84	#FFFFFF	32
85	#FFFFFF	32
86	#FFFFFF	50
87	#FFFFFF	319
88	#FFFFFF	319
89	#FFFFFF	319
90	#FFFFFF	319
91	#FFFFFF	32
92	#FFFFFF	319
93	#FFFFFF	319
94	#FFFFFF	32
95	#FFFFFF	32
97	#FFFFFF	50
98	#FFFFFF	50
99	#FFFFFF	50
100	#FFFFFF	50
101	#FFFFFF	50
102	#FFFFFF	707
103	#FFFFFF	707
104	#FFFFFF	199
105	#FFFFFF	50
106	#FFFFFF	50
107	#FFFFFF	32
108	#FFFFFF	50
109	#FFFFFF	32
110	#FFFFFF	32
111	#FFFFFF	32
112	#FFFFFF	1189
113	#FFFFFF	32
114	#FFFFFF	32
115	#FFFFFF	199
116	#FFFFFF	32
117	#FFFFFF	901
118	#FFFFFF	86
119	#FFFFFF	86
120	#FFFFFF	86
121	#FFFFFF	86
122	#FFFFFF	86
123	#FFFFFF	831
124	#FFFFFF	831
125	#FFFFFF	86
126	#FFFFFF	50
127	#FFFFFF	86
128	#FFFFFF	32
129	#FFFFFF	86
130	#FFFFFF	86
131	#FFFFFF	32
132	#FFFFFF	32
133	#FFFFFF	32
134	#FFFFFF	32
135	#FFFFFF	32
136	#FFFFFF	32
137	#FFFFFF	50
138	#FFFFFF	319
139	#FFFFFF	319
140	#FFFFFF	319
141	#FFFFFF	32
142	#FFFFFF	32
143	#FFFFFF	319
144	#FFFFFF	32
145	#FFFFFF	32
146	#FFFFFF	32
147	#FFFFFF	50
148	#FFFFFF	50
149	#FFFFFF	50
150	#FFFFFF	50
151	#FFFFFF	50
153	#FFFFFF	211
154	#FFFFFF	211
155	#FFFFFF	50
156	#FFFFFF	50
157	#FFFFFF	50
158	#FFFFFF	50
159	#FFFFFF	50
160	#FFFFFF	32
161	#FFFFFF	50
162	#FFFFFF	50
163	#FFFFFF	32
164	#FFFFFF	32
165	#FFFFFF	211
166	#FFFFFF	32
167	#FFFFFF	32
168	#FFFFFF	32
169	#FFFFFF	32
170	#FFFFFF	86
171	#FFFFFF	32
172	#FFFFFF	86
173	#FFFFFF	86
174	#FFFFFF	86
175	#FFFFFF	86
176	#FFFFFF	74
177	#FFFFFF	86
178	#FFFFFF	32
179	#FFFFFF	32
180	#FFFFFF	32
181	#FFFFFF	32
182	#FFFFFF	32
183	#FFFFFF	32
184	#FFFFFF	585
185	#FFFFFF	585
186	#FFFFFF	585
187	#FFFFFF	211
188	#FFFFFF	585
189	#FFFFFF	585
190	#FFFFFF	32
191	#FFFFFF	32
192	#FFFFFF	32
193	#FFFFFF	585
194	#FFFFFF	32
195	#FFFFFF	32
196	#FFFFFF	32
198	#FFFFFF	74
199	#FFFFFF	211
200	#FFFFFF	211
201	#FFFFFF	74
202	#FFFFFF	50
203	#FFFFFF	211
204	#FFFFFF	211
205	#FFFFFF	211
206	#FFFFFF	50
207	#FFFFFF	50
208	#FFFFFF	50
209	#FFFFFF	50
210	#FFFFFF	50
211	#FFFFFF	32
212	#FFFFFF	50
213	#FFFFFF	50
214	#FFFFFF	32
215	#FFFFFF	32
216	#FFFFFF	74
217	#FFFFFF	32
218	#FFFFFF	32
219	#FFFFFF	32
220	#FFFFFF	32
221	#FFFFFF	86
222	#FFFFFF	86
223	#FFFFFF	86
224	#FFFFFF	86
225	#FFFFFF	86
226	#FFFFFF	86
227	#FFFFFF	211
228	#FFFFFF	32
229	#FFFFFF	32
230	#FFFFFF	32
231	#FFFFFF	32
232	#FFFFFF	32
233	#FFFFFF	782
234	#FFFFFF	32
235	#FFFFFF	585
236	#FFFFFF	585
237	#FFFFFF	585
238	#FFFFFF	211
239	#FFFFFF	585
240	#FFFFFF	32
241	#FFFFFF	32
242	#FFFFFF	32
243	#FFFFFF	32
244	#FFFFFF	32
245	#FFFFFF	32
246	#FFFFFF	32
247	#FFFFFF	32
248	#FFFFFF	74
249	#FFFFFF	211
250	#FFFFFF	211
251	#FFFFFF	211
252	#FFFFFF	50
254	#FFFFFF	211
255	#FFFFFF	211
256	#FFFFFF	50
257	#FFFFFF	50
258	#FFFFFF	50
259	#FFFFFF	50
260	#FFFFFF	50
261	#FFFFFF	50
262	#FFFFFF	32
263	#FFFFFF	50
264	#FFFFFF	50
265	#FFFFFF	50
266	#FFFFFF	211
267	#FFFFFF	32
268	#FFFFFF	32
269	#FFFFFF	32
270	#FFFFFF	32
271	#FFFFFF	86
272	#FFFFFF	86
273	#FFFFFF	86
274	#FFFFFF	86
275	#FFFFFF	32
276	#FFFFFF	86
277	#FFFFFF	211
278	#FFFFFF	32
279	#FFFFFF	32
280	#FFFFFF	32
281	#FFFFFF	32
282	#FFFFFF	32
283	#FFFFFF	32
284	#FFFFFF	782
285	#FFFFFF	32
286	#FFFFFF	585
287	#FFFFFF	585
288	#FFFFFF	211
289	#FFFFFF	585
290	#FFFFFF	32
291	#FFFFFF	32
292	#FFFFFF	32
293	#FFFFFF	32
294	#FFFFFF	32
295	#FFFFFF	32
296	#FFFFFF	32
297	#FFFFFF	32
299	#FFFFFF	211
300	#FFFFFF	211
301	#FFFFFF	211
302	#FFFFFF	211
303	#FFFFFF	50
304	#FFFFFF	1415
305	#FFFFFF	1415
306	#FFFFFF	1415
307	#FFFFFF	50
308	#FFFFFF	50
309	#FFFFFF	211
310	#FFFFFF	50
311	#FFFFFF	50
312	#FFFFFF	50
313	#FFFFFF	32
314	#FFFFFF	50
315	#FFFFFF	50
316	#FFFFFF	32
317	#FFFFFF	211
318	#FFFFFF	32
319	#FFFFFF	32
320	#FFFFFF	32
321	#FFFFFF	32
322	#FFFFFF	32
323	#FFFFFF	86
324	#FFFFFF	86
325	#FFFFFF	86
326	#FFFFFF	32
327	#FFFFFF	86
328	#FFFFFF	211
329	#FFFFFF	32
330	#FFFFFF	32
331	#FFFFFF	32
332	#FFFFFF	32
333	#FFFFFF	32
334	#FFFFFF	782
335	#FFFFFF	782
336	#FFFFFF	585
337	#FFFFFF	585
338	#FFFFFF	585
339	#FFFFFF	211
340	#FFFFFF	585
341	#FFFFFF	32
342	#FFFFFF	32
343	#FFFFFF	32
344	#FFFFFF	32
345	#FFFFFF	32
346	#FFFFFF	32
347	#FFFFFF	773
348	#FFFFFF	32
349	#FFFFFF	211
350	#FFFFFF	211
351	#FFFFFF	211
352	#FFFFFF	211
353	#FFFFFF	50
355	#FFFFFF	1415
356	#FFFFFF	1415
357	#FFFFFF	50
358	#FFFFFF	50
359	#FFFFFF	211
360	#FFFFFF	211
361	#FFFFFF	50
362	#FFFFFF	50
363	#FFFFFF	50
364	#FFFFFF	32
365	#FFFFFF	50
366	#FFFFFF	32
367	#FFFFFF	1415
368	#FFFFFF	32
369	#FFFFFF	32
370	#FFFFFF	32
371	#FFFFFF	32
372	#FFFFFF	32
373	#FFFFFF	32
374	#FFFFFF	32
375	#FFFFFF	86
376	#FFFFFF	32
377	#FFFFFF	86
378	#FFFFFF	211
379	#FFFFFF	32
380	#FFFFFF	32
381	#FFFFFF	782
382	#FFFFFF	782
383	#FFFFFF	32
384	#FFFFFF	32
385	#FFFFFF	782
386	#FFFFFF	32
387	#FFFFFF	585
388	#FFFFFF	585
389	#FFFFFF	1415
390	#FFFFFF	585
391	#FFFFFF	585
392	#FFFFFF	585
393	#FFFFFF	32
394	#FFFFFF	32
395	#FFFFFF	32
396	#FFFFFF	773
397	#FFFFFF	773
398	#FFFFFF	32
400	#FFFFFF	211
401	#FFFFFF	211
402	#FFFFFF	211
403	#FFFFFF	211
404	#FFFFFF	211
405	#FFFFFF	50
406	#FFFFFF	50
407	#FFFFFF	1415
408	#FFFFFF	50
409	#FFFFFF	50
410	#FFFFFF	50
411	#FFFFFF	211
412	#FFFFFF	50
413	#FFFFFF	50
414	#FFFFFF	32
415	#FFFFFF	32
416	#FFFFFF	32
417	#FFFFFF	32
418	#FFFFFF	1415
419	#FFFFFF	32
420	#FFFFFF	32
421	#FFFFFF	32
422	#FFFFFF	32
423	#FFFFFF	32
424	#FFFFFF	32
425	#FFFFFF	86
426	#FFFFFF	32
427	#FFFFFF	86
428	#FFFFFF	32
429	#FFFFFF	1415
430	#FFFFFF	32
431	#FFFFFF	782
432	#FFFFFF	782
433	#FFFFFF	782
434	#FFFFFF	32
435	#FFFFFF	782
436	#FFFFFF	782
437	#FFFFFF	32
438	#FFFFFF	585
439	#FFFFFF	585
440	#FFFFFF	211
441	#FFFFFF	585
442	#FFFFFF	585
443	#FFFFFF	32
444	#FFFFFF	32
445	#FFFFFF	32
446	#FFFFFF	773
447	#FFFFFF	773
448	#FFFFFF	773
449	#FFFFFF	32
450	#FFFFFF	211
451	#FFFFFF	211
452	#FFFFFF	211
453	#FFFFFF	211
454	#FFFFFF	50
456	#FFFFFF	50
457	#FFFFFF	1415
458	#FFFFFF	211
459	#FFFFFF	50
460	#FFFFFF	50
461	#FFFFFF	211
462	#FFFFFF	50
463	#FFFFFF	50
464	#FFFFFF	50
465	#FFFFFF	32
466	#FFFFFF	32
467	#FFFFFF	32
468	#FFFFFF	1415
469	#FFFFFF	32
470	#FFFFFF	32
471	#FFFFFF	32
472	#FFFFFF	32
473	#FFFFFF	32
474	#FFFFFF	32
475	#FFFFFF	32
476	#FFFFFF	32
477	#FFFFFF	32
478	#FFFFFF	32
479	#FFFFFF	1415
480	#FFFFFF	32
481	#FFFFFF	782
482	#FFFFFF	782
483	#FFFFFF	782
484	#FFFFFF	782
485	#FFFFFF	782
486	#FFFFFF	782
487	#FFFFFF	782
488	#FFFFFF	32
489	#FFFFFF	32
490	#FFFFFF	211
491	#FFFFFF	585
492	#FFFFFF	585
493	#FFFFFF	32
494	#FFFFFF	32
495	#FFFFFF	32
496	#FFFFFF	32
497	#FFFFFF	773
498	#FFFFFF	32
499	#FFFFFF	32
501	#FFFFFF	211
502	#FFFFFF	625
503	#FFFFFF	211
504	#FFFFFF	211
505	#FFFFFF	211
506	#FFFFFF	1415
507	#FFFFFF	50
508	#FFFFFF	50
509	#FFFFFF	50
510	#FFFFFF	211
511	#FFFFFF	211
512	#FFFFFF	211
513	#FFFFFF	50
514	#FFFFFF	50
515	#FFFFFF	50
516	#FFFFFF	50
517	#FFFFFF	32
518	#FFFFFF	32
519	#FFFFFF	1415
520	#FFFFFF	32
521	#FFFFFF	1689
522	#FFFFFF	32
523	#FFFFFF	32
524	#FFFFFF	32
525	#FFFFFF	32
526	#FFFFFF	32
527	#FFFFFF	32
528	#FFFFFF	32
529	#FFFFFF	32
530	#FFFFFF	1415
531	#FFFFFF	32
532	#FFFFFF	782
533	#FFFFFF	782
534	#FFFFFF	782
535	#FFFFFF	782
536	#FFFFFF	32
537	#FFFFFF	782
538	#FFFFFF	782
539	#FFFFFF	32
540	#FFFFFF	32
541	#FFFFFF	211
542	#FFFFFF	585
543	#FFFFFF	585
544	#FFFFFF	32
545	#FFFFFF	32
546	#FFFFFF	773
547	#FFFFFF	773
548	#FFFFFF	32
549	#FFFFFF	32
550	#FFFFFF	32
551	#FFFFFF	211
552	#FFFFFF	625
553	#FFFFFF	211
554	#FFFFFF	211
555	#FFFFFF	211
557	#FFFFFF	50
558	#FFFFFF	50
559	#FFFFFF	211
560	#FFFFFF	211
561	#FFFFFF	211
562	#FFFFFF	211
563	#FFFFFF	211
564	#FFFFFF	211
565	#FFFFFF	50
566	#FFFFFF	50
567	#FFFFFF	50
568	#FFFFFF	1689
569	#FFFFFF	50
570	#FFFFFF	32
571	#FFFFFF	1689
572	#FFFFFF	32
573	#FFFFFF	32
574	#FFFFFF	32
575	#FFFFFF	32
576	#FFFFFF	32
577	#FFFFFF	32
578	#FFFFFF	32
579	#FFFFFF	32
580	#FFFFFF	1415
581	#FFFFFF	32
582	#FFFFFF	782
583	#FFFFFF	782
584	#FFFFFF	782
585	#FFFFFF	782
586	#FFFFFF	32
587	#FFFFFF	782
588	#FFFFFF	782
589	#FFFFFF	32
590	#FFFFFF	32
591	#FFFFFF	1415
592	#FFFFFF	32
593	#FFFFFF	585
594	#FFFFFF	32
595	#FFFFFF	32
596	#FFFFFF	773
597	#FFFFFF	773
598	#FFFFFF	32
599	#FFFFFF	32
600	#FFFFFF	32
602	#FFFFFF	625
603	#FFFFFF	625
604	#FFFFFF	211
605	#FFFFFF	211
606	#FFFFFF	211
607	#FFFFFF	1415
608	#FFFFFF	50
609	#FFFFFF	50
610	#FFFFFF	211
611	#FFFFFF	211
612	#FFFFFF	625
613	#FFFFFF	211
614	#FFFFFF	211
615	#FFFFFF	211
616	#FFFFFF	50
617	#FFFFFF	50
618	#FFFFFF	211
619	#FFFFFF	1689
620	#FFFFFF	1415
621	#FFFFFF	1689
622	#FFFFFF	32
623	#FFFFFF	32
624	#FFFFFF	1193
625	#FFFFFF	1689
626	#FFFFFF	32
627	#FFFFFF	32
628	#FFFFFF	32
629	#FFFFFF	32
630	#FFFFFF	32
631	#FFFFFF	1415
632	#FFFFFF	32
633	#FFFFFF	32
634	#FFFFFF	32
635	#FFFFFF	32
636	#FFFFFF	32
637	#FFFFFF	32
638	#FFFFFF	782
639	#FFFFFF	782
640	#FFFFFF	32
641	#FFFFFF	32
642	#FFFFFF	211
643	#FFFFFF	585
644	#FFFFFF	32
645	#FFFFFF	32
646	#FFFFFF	32
647	#FFFFFF	773
648	#FFFFFF	32
649	#FFFFFF	32
650	#FFFFFF	32
651	#FFFFFF	32
652	#FFFFFF	625
653	#FFFFFF	625
654	#FFFFFF	211
655	#FFFFFF	211
656	#FFFFFF	211
658	#FFFFFF	1415
659	#FFFFFF	50
660	#FFFFFF	211
661	#FFFFFF	211
662	#FFFFFF	625
663	#FFFFFF	211
664	#FFFFFF	211
665	#FFFFFF	211
666	#FFFFFF	50
667	#FFFFFF	50
668	#FFFFFF	50
669	#FFFFFF	211
670	#FFFFFF	50
671	#FFFFFF	1689
672	#FFFFFF	1689
673	#FFFFFF	32
674	#FFFFFF	1689
675	#FFFFFF	1689
676	#FFFFFF	1689
677	#FFFFFF	32
678	#FFFFFF	32
679	#FFFFFF	32
680	#FFFFFF	32
681	#FFFFFF	211
682	#FFFFFF	32
683	#FFFFFF	32
684	#FFFFFF	32
685	#FFFFFF	32
686	#FFFFFF	32
687	#FFFFFF	32
688	#FFFFFF	32
689	#FFFFFF	32
690	#FFFFFF	32
691	#FFFFFF	32
692	#FFFFFF	1415
693	#FFFFFF	585
694	#FFFFFF	32
695	#FFFFFF	32
696	#FFFFFF	32
697	#FFFFFF	32
698	#FFFFFF	773
699	#FFFFFF	32
700	#FFFFFF	32
701	#FFFFFF	32
703	#FFFFFF	211
704	#FFFFFF	625
705	#FFFFFF	625
706	#FFFFFF	211
707	#FFFFFF	211
708	#FFFFFF	50
709	#FFFFFF	50
710	#FFFFFF	50
711	#FFFFFF	625
712	#FFFFFF	625
713	#FFFFFF	211
714	#FFFFFF	211
715	#FFFFFF	211
716	#FFFFFF	50
717	#FFFFFF	211
718	#FFFFFF	211
719	#FFFFFF	211
720	#FFFFFF	1689
721	#FFFFFF	50
722	#FFFFFF	211
723	#FFFFFF	1689
724	#FFFFFF	1689
725	#FFFFFF	1689
726	#FFFFFF	1689
727	#FFFFFF	1689
728	#FFFFFF	32
729	#FFFFFF	32
730	#FFFFFF	32
731	#FFFFFF	32
732	#FFFFFF	211
733	#FFFFFF	32
734	#FFFFFF	32
735	#FFFFFF	32
736	#FFFFFF	32
737	#FFFFFF	32
738	#FFFFFF	32
739	#FFFFFF	32
740	#FFFFFF	32
741	#FFFFFF	32
742	#FFFFFF	32
743	#FFFFFF	1415
744	#FFFFFF	32
745	#FFFFFF	32
746	#FFFFFF	32
747	#FFFFFF	32
748	#FFFFFF	773
749	#FFFFFF	32
750	#FFFFFF	32
751	#FFFFFF	36
752	#FFFFFF	36
753	#FFFFFF	211
754	#FFFFFF	625
755	#FFFFFF	211
756	#FFFFFF	211
757	#FFFFFF	625
759	#FFFFFF	50
760	#FFFFFF	50
761	#FFFFFF	625
762	#FFFFFF	625
763	#FFFFFF	625
764	#FFFFFF	211
765	#FFFFFF	211
766	#FFFFFF	211
767	#FFFFFF	211
768	#FFFFFF	211
769	#FFFFFF	211
770	#FFFFFF	211
771	#FFFFFF	50
772	#FFFFFF	211
773	#FFFFFF	211
774	#FFFFFF	1689
775	#FFFFFF	1689
776	#FFFFFF	1689
777	#FFFFFF	1689
778	#FFFFFF	32
779	#FFFFFF	32
780	#FFFFFF	32
781	#FFFFFF	53
782	#FFFFFF	50
783	#FFFFFF	53
784	#FFFFFF	53
785	#FFFFFF	32
786	#FFFFFF	32
787	#FFFFFF	32
788	#FFFFFF	32
789	#FFFFFF	32
790	#FFFFFF	32
791	#FFFFFF	32
792	#FFFFFF	32
793	#FFFFFF	211
794	#FFFFFF	32
795	#FFFFFF	32
796	#FFFFFF	32
797	#FFFFFF	32
798	#FFFFFF	32
799	#FFFFFF	32
800	#FFFFFF	32
801	#FFFFFF	36
802	#FFFFFF	36
804	#FFFFFF	211
805	#FFFFFF	211
806	#FFFFFF	625
807	#FFFFFF	625
808	#FFFFFF	625
809	#FFFFFF	50
810	#FFFFFF	50
811	#FFFFFF	50
812	#FFFFFF	625
813	#FFFFFF	625
814	#FFFFFF	211
815	#FFFFFF	211
816	#FFFFFF	211
817	#FFFFFF	211
818	#FFFFFF	211
819	#FFFFFF	211
820	#FFFFFF	211
821	#FFFFFF	211
822	#FFFFFF	50
823	#FFFFFF	211
824	#FFFFFF	211
825	#FFFFFF	1689
826	#FFFFFF	1689
827	#FFFFFF	1689
828	#FFFFFF	32
829	#FFFFFF	32
830	#FFFFFF	32
831	#FFFFFF	53
832	#FFFFFF	53
833	#FFFFFF	211
834	#FFFFFF	53
835	#FFFFFF	32
836	#FFFFFF	32
837	#FFFFFF	32
838	#FFFFFF	32
839	#FFFFFF	32
840	#FFFFFF	32
841	#FFFFFF	32
842	#FFFFFF	32
843	#FFFFFF	32
844	#FFFFFF	211
845	#FFFFFF	32
846	#FFFFFF	32
847	#FFFFFF	32
848	#FFFFFF	32
849	#FFFFFF	32
850	#FFFFFF	32
851	#FFFFFF	36
852	#FFFFFF	36
853	#FFFFFF	36
854	#FFFFFF	50
855	#FFFFFF	211
856	#FFFFFF	625
857	#FFFFFF	625
858	#FFFFFF	211
860	#FFFFFF	50
861	#FFFFFF	50
862	#FFFFFF	625
863	#FFFFFF	625
864	#FFFFFF	625
865	#FFFFFF	211
866	#FFFFFF	625
867	#FFFFFF	211
868	#FFFFFF	211
869	#FFFFFF	211
870	#FFFFFF	211
871	#FFFFFF	211
872	#FFFFFF	50
873	#FFFFFF	211
874	#FFFFFF	211
875	#FFFFFF	211
876	#FFFFFF	1689
877	#FFFFFF	1689
878	#FFFFFF	1689
879	#FFFFFF	1689
880	#FFFFFF	32
881	#FFFFFF	53
882	#FFFFFF	53
883	#FFFFFF	211
884	#FFFFFF	53
885	#FFFFFF	53
886	#FFFFFF	32
887	#FFFFFF	32
888	#FFFFFF	53
889	#FFFFFF	32
890	#FFFFFF	32
891	#FFFFFF	32
892	#FFFFFF	32
893	#FFFFFF	53
894	#FFFFFF	50
895	#FFFFFF	32
896	#FFFFFF	32
897	#FFFFFF	32
898	#FFFFFF	32
899	#FFFFFF	32
900	#FFFFFF	32
901	#FFFFFF	32
902	#FFFFFF	36
903	#FFFFFF	36
905	#FFFFFF	50
906	#FFFFFF	211
907	#FFFFFF	211
908	#FFFFFF	625
909	#FFFFFF	211
910	#FFFFFF	50
911	#FFFFFF	50
912	#FFFFFF	50
913	#FFFFFF	625
914	#FFFFFF	211
915	#FFFFFF	625
916	#FFFFFF	625
917	#FFFFFF	211
918	#FFFFFF	211
919	#FFFFFF	211
920	#FFFFFF	211
921	#FFFFFF	211
922	#FFFFFF	211
923	#FFFFFF	50
924	#FFFFFF	211
925	#FFFFFF	211
926	#FFFFFF	1689
927	#FFFFFF	211
928	#FFFFFF	1689
929	#FFFFFF	1689
930	#FFFFFF	32
931	#FFFFFF	32
932	#FFFFFF	53
933	#FFFFFF	53
934	#FFFFFF	211
935	#FFFFFF	53
936	#FFFFFF	32
937	#FFFFFF	53
938	#FFFFFF	53
939	#FFFFFF	53
940	#FFFFFF	53
941	#FFFFFF	53
942	#FFFFFF	53
943	#FFFFFF	32
944	#FFFFFF	53
945	#FFFFFF	50
946	#FFFFFF	53
947	#FFFFFF	32
948	#FFFFFF	32
949	#FFFFFF	32
950	#FFFFFF	32
951	#FFFFFF	32
952	#FFFFFF	32
953	#FFFFFF	36
954	#FFFFFF	36
955	#FFFFFF	211
956	#FFFFFF	211
957	#FFFFFF	625
958	#FFFFFF	625
959	#FFFFFF	211
961	#FFFFFF	50
962	#FFFFFF	50
963	#FFFFFF	625
964	#FFFFFF	211
965	#FFFFFF	211
966	#FFFFFF	625
967	#FFFFFF	211
968	#FFFFFF	211
969	#FFFFFF	211
970	#FFFFFF	211
971	#FFFFFF	211
972	#FFFFFF	211
973	#FFFFFF	50
974	#FFFFFF	211
975	#FFFFFF	211
976	#FFFFFF	211
977	#FFFFFF	211
978	#FFFFFF	1689
979	#FFFFFF	1689
980	#FFFFFF	32
981	#FFFFFF	32
982	#FFFFFF	32
983	#FFFFFF	53
984	#FFFFFF	50
985	#FFFFFF	32
986	#FFFFFF	53
987	#FFFFFF	32
988	#FFFFFF	53
989	#FFFFFF	53
990	#FFFFFF	53
991	#FFFFFF	53
992	#FFFFFF	53
993	#FFFFFF	32
994	#FFFFFF	53
995	#FFFFFF	50
996	#FFFFFF	53
997	#FFFFFF	53
998	#FFFFFF	32
999	#FFFFFF	32
1000	#FFFFFF	32
1001	#FFFFFF	32
1002	#FFFFFF	32
1003	#FFFFFF	36
1004	#FFFFFF	36
1006	#FFFFFF	50
1007	#FFFFFF	211
1008	#FFFFFF	625
1009	#FFFFFF	211
1010	#FFFFFF	211
1011	#FFFFFF	50
1012	#FFFFFF	50
1013	#FFFFFF	50
1014	#FFFFFF	625
1015	#FFFFFF	211
1016	#FFFFFF	211
1017	#FFFFFF	211
1018	#FFFFFF	211
1019	#FFFFFF	211
1020	#FFFFFF	211
1021	#FFFFFF	211
1022	#FFFFFF	211
1023	#FFFFFF	53
1024	#FFFFFF	50
1025	#FFFFFF	211
1026	#FFFFFF	211
1027	#FFFFFF	211
1028	#FFFFFF	1689
1029	#FFFFFF	32
1030	#FFFFFF	32
1031	#FFFFFF	32
1032	#FFFFFF	53
1033	#FFFFFF	53
1034	#FFFFFF	32
1035	#FFFFFF	50
1036	#FFFFFF	32
1037	#FFFFFF	53
1038	#FFFFFF	53
1039	#FFFFFF	53
1040	#FFFFFF	53
1041	#FFFFFF	53
1042	#FFFFFF	53
1043	#FFFFFF	53
1044	#FFFFFF	32
1045	#FFFFFF	53
1046	#FFFFFF	50
1047	#FFFFFF	53
1048	#FFFFFF	53
1049	#FFFFFF	32
1050	#FFFFFF	32
1051	#FFFFFF	32
1052	#FFFFFF	36
1053	#FFFFFF	32
1054	#FFFFFF	32
1055	#FFFFFF	32
1056	#FFFFFF	50
1057	#FFFFFF	211
1058	#FFFFFF	211
1059	#FFFFFF	211
1060	#FFFFFF	625
1062	#FFFFFF	50
1063	#FFFFFF	50
1064	#FFFFFF	211
1065	#FFFFFF	211
1066	#FFFFFF	1414
1067	#FFFFFF	211
1068	#FFFFFF	211
1069	#FFFFFF	211
1070	#FFFFFF	211
1071	#FFFFFF	211
1072	#FFFFFF	211
1073	#FFFFFF	53
1074	#FFFFFF	50
1075	#FFFFFF	211
1076	#FFFFFF	211
1077	#FFFFFF	211
1078	#FFFFFF	1689
1079	#FFFFFF	32
1080	#FFFFFF	32
1081	#FFFFFF	53
1082	#FFFFFF	53
1083	#FFFFFF	53
1084	#FFFFFF	32
1085	#FFFFFF	211
1086	#FFFFFF	32
1087	#FFFFFF	53
1088	#FFFFFF	53
1089	#FFFFFF	53
1090	#FFFFFF	53
1091	#FFFFFF	32
1092	#FFFFFF	53
1093	#FFFFFF	32
1094	#FFFFFF	32
1095	#FFFFFF	53
1096	#FFFFFF	211
1097	#FFFFFF	53
1098	#FFFFFF	32
1099	#FFFFFF	53
1100	#FFFFFF	32
1101	#FFFFFF	36
1102	#FFFFFF	36
1103	#FFFFFF	36
1104	#FFFFFF	32
1105	#FFFFFF	32
1107	#FFFFFF	211
1108	#FFFFFF	211
1109	#FFFFFF	211
1110	#FFFFFF	625
1111	#FFFFFF	625
1112	#FFFFFF	50
1113	#FFFFFF	50
1114	#FFFFFF	50
1115	#FFFFFF	211
1116	#FFFFFF	1414
1117	#FFFFFF	1414
1118	#FFFFFF	211
1119	#FFFFFF	211
1120	#FFFFFF	211
1121	#FFFFFF	211
1122	#FFFFFF	211
1123	#FFFFFF	211
1124	#FFFFFF	53
1125	#FFFFFF	211
1126	#FFFFFF	211
1127	#FFFFFF	211
1128	#FFFFFF	211
1129	#FFFFFF	1689
1130	#FFFFFF	32
1131	#FFFFFF	32
1132	#FFFFFF	53
1133	#FFFFFF	53
1134	#FFFFFF	32
1135	#FFFFFF	32
1136	#FFFFFF	211
1137	#FFFFFF	32
1138	#FFFFFF	53
1139	#FFFFFF	53
1140	#FFFFFF	53
1141	#FFFFFF	32
1142	#FFFFFF	32
1143	#FFFFFF	32
1144	#FFFFFF	32
1145	#FFFFFF	53
1146	#FFFFFF	53
1147	#FFFFFF	211
1148	#FFFFFF	32
1149	#FFFFFF	53
1150	#FFFFFF	32
1151	#FFFFFF	32
1152	#FFFFFF	36
1153	#FFFFFF	32
1154	#FFFFFF	36
1155	#FFFFFF	36
1156	#FFFFFF	32
1157	#FFFFFF	211
1158	#FFFFFF	211
1159	#FFFFFF	211
1160	#FFFFFF	625
1161	#FFFFFF	211
1163	#FFFFFF	199
1164	#FFFFFF	199
1165	#FFFFFF	50
1166	#FFFFFF	50
1167	#FFFFFF	32
1168	#FFFFFF	32
1169	#FFFFFF	32
1170	#FFFFFF	32
1171	#FFFFFF	32
1172	#FFFFFF	32
1173	#FFFFFF	1189
1174	#FFFFFF	1189
1175	#FFFFFF	74
1177	#FFFFFF	901
1178	#FFFFFF	86
1179	#FFFFFF	86
1180	#FFFFFF	86
1181	#FFFFFF	86
1182	#FFFFFF	86
1183	#FFFFFF	831
1184	#FFFFFF	831
1185	#FFFFFF	831
1186	#FFFFFF	199
1187	#FFFFFF	86
1188	#FFFFFF	1772
1189	#FFFFFF	32
1190	#FFFFFF	32
1191	#FFFFFF	32
1192	#FFFFFF	32
1193	#FFFFFF	32
1194	#FFFFFF	32
1195	#FFFFFF	32
1196	#FFFFFF	32
1197	#FFFFFF	50
1198	#FFFFFF	32
1199	#FFFFFF	319
1200	#FFFFFF	319
1201	#FFFFFF	319
1202	#FFFFFF	319
1203	#FFFFFF	319
1204	#FFFFFF	32
1205	#FFFFFF	32
1206	#FFFFFF	32
1208	#FFFFFF	50
1209	#FFFFFF	50
1210	#FFFFFF	50
1211	#FFFFFF	50
1212	#FFFFFF	50
1213	#FFFFFF	199
1214	#FFFFFF	199
1215	#FFFFFF	74
1216	#FFFFFF	50
1217	#FFFFFF	50
1218	#FFFFFF	50
1219	#FFFFFF	32
1220	#FFFFFF	32
1221	#FFFFFF	32
1222	#FFFFFF	32
1223	#FFFFFF	32
1224	#FFFFFF	1189
1225	#FFFFFF	32
1226	#FFFFFF	74
1227	#FFFFFF	901
1228	#FFFFFF	901
1229	#FFFFFF	86
1230	#FFFFFF	86
1231	#FFFFFF	86
1232	#FFFFFF	86
1233	#FFFFFF	831
1234	#FFFFFF	831
1235	#FFFFFF	831
1236	#FFFFFF	86
1237	#FFFFFF	199
1238	#FFFFFF	86
1239	#FFFFFF	32
1240	#FFFFFF	32
1241	#FFFFFF	32
1242	#FFFFFF	32
1243	#FFFFFF	32
1244	#FFFFFF	32
1245	#FFFFFF	32
1246	#FFFFFF	32
1247	#FFFFFF	32
1248	#FFFFFF	50
1249	#FFFFFF	319
1250	#FFFFFF	319
1251	#FFFFFF	319
1252	#FFFFFF	319
1253	#FFFFFF	319
1254	#FFFFFF	32
1255	#FFFFFF	32
1256	#FFFFFF	32
1257	#FFFFFF	32
1258	#FFFFFF	50
1259	#FFFFFF	50
1260	#FFFFFF	50
1261	#FFFFFF	50
1262	#FFFFFF	50
1264	#FFFFFF	50
1265	#FFFFFF	50
1266	#FFFFFF	211
1267	#FFFFFF	211
1268	#FFFFFF	1414
1269	#FFFFFF	211
1270	#FFFFFF	211
1271	#FFFFFF	211
1272	#FFFFFF	211
1273	#FFFFFF	211
1274	#FFFFFF	53
1275	#FFFFFF	53
1276	#FFFFFF	50
1277	#FFFFFF	211
1278	#FFFFFF	211
1279	#FFFFFF	211
1280	#FFFFFF	1689
1281	#FFFFFF	32
1282	#FFFFFF	32
1283	#FFFFFF	32
1284	#FFFFFF	53
1285	#FFFFFF	53
1286	#FFFFFF	53
1287	#FFFFFF	53
1288	#FFFFFF	32
1289	#FFFFFF	53
1290	#FFFFFF	53
1291	#FFFFFF	53
1292	#FFFFFF	32
1293	#FFFFFF	53
1294	#FFFFFF	32
1295	#FFFFFF	32
1296	#FFFFFF	32
1297	#FFFFFF	53
1298	#FFFFFF	211
1299	#FFFFFF	32
1300	#FFFFFF	32
1301	#FFFFFF	32
1302	#FFFFFF	32
1303	#FFFFFF	36
1304	#FFFFFF	36
1305	#FFFFFF	32
1306	#FFFFFF	36
1307	#FFFFFF	36
1309	#FFFFFF	211
1310	#FFFFFF	211
1311	#FFFFFF	211
1312	#FFFFFF	211
1313	#FFFFFF	211
1314	#FFFFFF	50
1315	#FFFFFF	50
1316	#FFFFFF	50
1317	#FFFFFF	211
1318	#FFFFFF	211
1319	#FFFFFF	1414
1320	#FFFFFF	211
1321	#FFFFFF	211
1322	#FFFFFF	53
1323	#FFFFFF	211
1324	#FFFFFF	211
1325	#FFFFFF	53
1326	#FFFFFF	53
1327	#FFFFFF	53
1328	#FFFFFF	211
1329	#FFFFFF	53
1330	#FFFFFF	1689
1331	#FFFFFF	32
1332	#FFFFFF	32
1333	#FFFFFF	32
1334	#FFFFFF	32
1335	#FFFFFF	53
1336	#FFFFFF	53
1337	#FFFFFF	53
1338	#FFFFFF	53
1339	#FFFFFF	32
1340	#FFFFFF	53
1341	#FFFFFF	53
1342	#FFFFFF	53
1343	#FFFFFF	53
1344	#FFFFFF	53
1345	#FFFFFF	53
1346	#FFFFFF	53
1347	#FFFFFF	53
1348	#FFFFFF	53
1349	#FFFFFF	211
1350	#FFFFFF	32
1351	#FFFFFF	32
1352	#FFFFFF	32
1353	#FFFFFF	36
1354	#FFFFFF	36
1355	#FFFFFF	32
1356	#FFFFFF	36
1357	#FFFFFF	36
1358	#FFFFFF	36
1359	#FFFFFF	211
1360	#FFFFFF	211
1361	#FFFFFF	211
1362	#FFFFFF	211
1363	#FFFFFF	211
1365	#FFFFFF	50
1366	#FFFFFF	50
1367	#FFFFFF	211
1368	#FFFFFF	211
1369	#FFFFFF	1414
1370	#FFFFFF	211
1371	#FFFFFF	211
1372	#FFFFFF	211
1373	#FFFFFF	53
1374	#FFFFFF	211
1375	#FFFFFF	53
1376	#FFFFFF	53
1377	#FFFFFF	53
1378	#FFFFFF	211
1379	#FFFFFF	53
1380	#FFFFFF	32
1381	#FFFFFF	32
1382	#FFFFFF	32
1383	#FFFFFF	32
1384	#FFFFFF	32
1385	#FFFFFF	53
1386	#FFFFFF	53
1387	#FFFFFF	53
1388	#FFFFFF	53
1389	#FFFFFF	53
1390	#FFFFFF	32
1391	#FFFFFF	53
1392	#FFFFFF	53
1393	#FFFFFF	53
1394	#FFFFFF	53
1395	#FFFFFF	53
1396	#FFFFFF	53
1397	#FFFFFF	53
1398	#FFFFFF	53
1399	#FFFFFF	53
1400	#FFFFFF	53
1401	#FFFFFF	32
1402	#FFFFFF	32
1403	#FFFFFF	32
1404	#FFFFFF	32
1405	#FFFFFF	32
1406	#FFFFFF	36
1407	#FFFFFF	36
1408	#FFFFFF	36
1410	#FFFFFF	211
1411	#FFFFFF	211
1412	#FFFFFF	211
1413	#FFFFFF	211
1414	#FFFFFF	211
1415	#FFFFFF	50
1416	#FFFFFF	50
1417	#FFFFFF	50
1418	#FFFFFF	211
1419	#FFFFFF	211
1420	#FFFFFF	1414
1421	#FFFFFF	211
1422	#FFFFFF	211
1423	#FFFFFF	211
1424	#FFFFFF	53
1425	#FFFFFF	211
1426	#FFFFFF	53
1427	#FFFFFF	53
1428	#FFFFFF	50
1429	#FFFFFF	211
1430	#FFFFFF	53
1431	#FFFFFF	32
1432	#FFFFFF	32
1433	#FFFFFF	53
1434	#FFFFFF	32
1435	#FFFFFF	32
1436	#FFFFFF	32
1437	#FFFFFF	53
1438	#FFFFFF	53
1439	#FFFFFF	53
1440	#FFFFFF	32
1441	#FFFFFF	53
1442	#FFFFFF	32
1443	#FFFFFF	32
1444	#FFFFFF	53
1445	#FFFFFF	53
1446	#FFFFFF	53
1447	#FFFFFF	53
1448	#FFFFFF	53
1449	#FFFFFF	53
1450	#FFFFFF	53
1451	#FFFFFF	53
1452	#FFFFFF	32
1453	#FFFFFF	32
1454	#FFFFFF	32
1455	#FFFFFF	32
1456	#FFFFFF	36
1457	#FFFFFF	36
1458	#FFFFFF	32
1459	#FFFFFF	36
1460	#FFFFFF	211
1461	#FFFFFF	211
1462	#FFFFFF	211
1463	#FFFFFF	211
1464	#FFFFFF	1414
1466	#FFFFFF	50
1467	#FFFFFF	50
1468	#FFFFFF	1414
1469	#FFFFFF	211
1470	#FFFFFF	1414
1471	#FFFFFF	211
1472	#FFFFFF	211
1473	#FFFFFF	211
1474	#FFFFFF	211
1475	#FFFFFF	53
1476	#FFFFFF	53
1477	#FFFFFF	53
1478	#FFFFFF	50
1479	#FFFFFF	53
1480	#FFFFFF	53
1481	#FFFFFF	53
1482	#FFFFFF	53
1483	#FFFFFF	32
1484	#FFFFFF	53
1485	#FFFFFF	32
1486	#FFFFFF	32
1487	#FFFFFF	53
1488	#FFFFFF	32
1489	#FFFFFF	53
1490	#FFFFFF	32
1491	#FFFFFF	53
1492	#FFFFFF	32
1493	#FFFFFF	32
1494	#FFFFFF	53
1495	#FFFFFF	53
1496	#FFFFFF	53
1497	#FFFFFF	53
1498	#FFFFFF	53
1499	#FFFFFF	53
1500	#FFFFFF	53
1501	#FFFFFF	53
1502	#FFFFFF	53
1503	#FFFFFF	32
1504	#FFFFFF	32
1505	#FFFFFF	32
1506	#FFFFFF	36
1507	#FFFFFF	32
1508	#FFFFFF	32
1509	#FFFFFF	32
1511	#FFFFFF	211
1512	#FFFFFF	211
1513	#FFFFFF	211
1514	#FFFFFF	211
1515	#FFFFFF	211
1516	#FFFFFF	50
1517	#FFFFFF	50
1518	#FFFFFF	50
1519	#FFFFFF	1414
1520	#FFFFFF	1414
1521	#FFFFFF	1414
1522	#FFFFFF	211
1523	#FFFFFF	1414
1524	#FFFFFF	211
1525	#FFFFFF	53
1526	#FFFFFF	53
1527	#FFFFFF	53
1528	#FFFFFF	53
1529	#FFFFFF	50
1530	#FFFFFF	53
1531	#FFFFFF	53
1532	#FFFFFF	53
1533	#FFFFFF	53
1534	#FFFFFF	32
1535	#FFFFFF	53
1536	#FFFFFF	53
1537	#FFFFFF	32
1538	#FFFFFF	53
1539	#FFFFFF	32
1540	#FFFFFF	53
1541	#FFFFFF	32
1542	#FFFFFF	32
1543	#FFFFFF	32
1544	#FFFFFF	53
1545	#FFFFFF	53
1546	#FFFFFF	53
1547	#FFFFFF	53
1548	#FFFFFF	53
1549	#FFFFFF	53
1550	#FFFFFF	53
1551	#FFFFFF	53
1552	#FFFFFF	53
1553	#FFFFFF	53
1554	#FFFFFF	32
1555	#FFFFFF	32
1556	#FFFFFF	32
1557	#FFFFFF	36
1558	#FFFFFF	32
1559	#FFFFFF	32
1560	#FFFFFF	36
1561	#FFFFFF	211
1562	#FFFFFF	211
1563	#FFFFFF	211
1564	#FFFFFF	211
1565	#FFFFFF	211
1567	#FFFFFF	50
1568	#FFFFFF	50
1569	#FFFFFF	1414
1570	#FFFFFF	1414
1571	#FFFFFF	1414
1572	#FFFFFF	1414
1573	#FFFFFF	1414
1574	#FFFFFF	211
1575	#FFFFFF	211
1576	#FFFFFF	53
1577	#FFFFFF	53
1578	#FFFFFF	211
1579	#FFFFFF	50
1580	#FFFFFF	53
1581	#FFFFFF	53
1582	#FFFFFF	53
1583	#FFFFFF	53
1584	#FFFFFF	53
1585	#FFFFFF	53
1586	#FFFFFF	53
1587	#FFFFFF	32
1588	#FFFFFF	32
1589	#FFFFFF	53
1590	#FFFFFF	50
1591	#FFFFFF	32
1592	#FFFFFF	32
1593	#FFFFFF	32
1594	#FFFFFF	53
1595	#FFFFFF	53
1596	#FFFFFF	53
1597	#FFFFFF	53
1598	#FFFFFF	53
1599	#FFFFFF	53
1600	#FFFFFF	53
1601	#FFFFFF	50
1602	#FFFFFF	53
1603	#FFFFFF	53
1604	#FFFFFF	32
1605	#FFFFFF	32
1606	#FFFFFF	32
1607	#FFFFFF	32
1608	#FFFFFF	32
1609	#FFFFFF	32
1610	#FFFFFF	32
1612	#FFFFFF	53
1613	#FFFFFF	53
1614	#FFFFFF	211
1615	#FFFFFF	211
1616	#FFFFFF	211
1617	#FFFFFF	53
1618	#FFFFFF	53
1619	#FFFFFF	50
1620	#FFFFFF	1414
1621	#FFFFFF	1414
1622	#FFFFFF	1414
1623	#FFFFFF	1414
1624	#FFFFFF	1414
1625	#FFFFFF	211
1626	#FFFFFF	211
1627	#FFFFFF	53
1628	#FFFFFF	211
1629	#FFFFFF	53
1630	#FFFFFF	50
1631	#FFFFFF	53
1632	#FFFFFF	53
1633	#FFFFFF	53
1634	#FFFFFF	53
1635	#FFFFFF	53
1636	#FFFFFF	53
1637	#FFFFFF	32
1638	#FFFFFF	32
1639	#FFFFFF	32
1640	#FFFFFF	32
1641	#FFFFFF	50
1642	#FFFFFF	32
1643	#FFFFFF	32
1644	#FFFFFF	32
1645	#FFFFFF	53
1646	#FFFFFF	53
1647	#FFFFFF	32
1648	#FFFFFF	53
1649	#FFFFFF	53
1650	#FFFFFF	53
1651	#FFFFFF	53
1652	#FFFFFF	50
1653	#FFFFFF	53
1654	#FFFFFF	32
1655	#FFFFFF	32
1656	#FFFFFF	32
1657	#FFFFFF	32
1658	#FFFFFF	32
1659	#FFFFFF	32
1660	#FFFFFF	32
1661	#FFFFFF	36
1662	#FFFFFF	53
1663	#FFFFFF	211
1664	#FFFFFF	211
1665	#FFFFFF	211
1666	#FFFFFF	211
1668	#FFFFFF	53
1669	#FFFFFF	50
1670	#FFFFFF	211
1671	#FFFFFF	1414
1672	#FFFFFF	1414
1673	#FFFFFF	1414
1674	#FFFFFF	1414
1675	#FFFFFF	211
1676	#FFFFFF	53
1677	#FFFFFF	53
1678	#FFFFFF	211
1679	#FFFFFF	211
1680	#FFFFFF	50
1681	#FFFFFF	53
1682	#FFFFFF	53
1683	#FFFFFF	53
1684	#FFFFFF	53
1685	#FFFFFF	53
1686	#FFFFFF	53
1687	#FFFFFF	53
1688	#FFFFFF	53
1689	#FFFFFF	32
1690	#FFFFFF	32
1691	#FFFFFF	53
1692	#FFFFFF	32
1693	#FFFFFF	32
1694	#FFFFFF	32
1695	#FFFFFF	32
1696	#FFFFFF	53
1697	#FFFFFF	32
1698	#FFFFFF	53
1699	#FFFFFF	53
1700	#FFFFFF	53
1701	#FFFFFF	32
1702	#FFFFFF	53
1703	#FFFFFF	32
1704	#FFFFFF	32
1705	#FFFFFF	32
1706	#FFFFFF	32
1707	#FFFFFF	32
1708	#FFFFFF	32
1709	#FFFFFF	32
1710	#FFFFFF	32
1711	#FFFFFF	36
1713	#FFFFFF	53
1714	#FFFFFF	211
1715	#FFFFFF	211
1716	#FFFFFF	211
1717	#FFFFFF	211
1718	#FFFFFF	53
1719	#FFFFFF	53
1720	#FFFFFF	50
1721	#FFFFFF	211
1722	#FFFFFF	1414
1723	#FFFFFF	211
1724	#FFFFFF	1414
1725	#FFFFFF	211
1726	#FFFFFF	211
1727	#FFFFFF	53
1728	#FFFFFF	53
1729	#FFFFFF	211
1730	#FFFFFF	53
1731	#FFFFFF	50
1732	#FFFFFF	53
1733	#FFFFFF	53
1734	#FFFFFF	53
1735	#FFFFFF	53
1736	#FFFFFF	53
1737	#FFFFFF	53
1738	#FFFFFF	53
1739	#FFFFFF	32
1740	#FFFFFF	32
1741	#FFFFFF	32
1742	#FFFFFF	53
1743	#FFFFFF	32
1744	#FFFFFF	32
1745	#FFFFFF	32
1746	#FFFFFF	32
1747	#FFFFFF	32
1748	#FFFFFF	32
1749	#FFFFFF	53
1750	#FFFFFF	53
1751	#FFFFFF	53
1752	#FFFFFF	32
1753	#FFFFFF	53
1754	#FFFFFF	32
1755	#FFFFFF	32
1756	#FFFFFF	32
1757	#FFFFFF	32
1758	#FFFFFF	32
1759	#FFFFFF	32
1760	#FFFFFF	32
1761	#FFFFFF	32
1762	#FFFFFF	32
1763	#FFFFFF	211
1764	#FFFFFF	211
1765	#FFFFFF	211
1766	#FFFFFF	211
1767	#FFFFFF	211
1769	#FFFFFF	53
1770	#FFFFFF	50
1771	#FFFFFF	211
1772	#FFFFFF	1414
1773	#FFFFFF	211
1774	#FFFFFF	1414
1775	#FFFFFF	1414
1776	#FFFFFF	211
1777	#FFFFFF	211
1778	#FFFFFF	211
1779	#FFFFFF	211
1780	#FFFFFF	53
1781	#FFFFFF	50
1782	#FFFFFF	53
1783	#FFFFFF	53
1784	#FFFFFF	53
1785	#FFFFFF	53
1786	#FFFFFF	1584
1787	#FFFFFF	53
1788	#FFFFFF	53
1789	#FFFFFF	32
1790	#FFFFFF	32
1791	#FFFFFF	32
1792	#FFFFFF	53
1793	#FFFFFF	32
1794	#FFFFFF	32
1795	#FFFFFF	32
1796	#FFFFFF	32
1797	#FFFFFF	32
1798	#FFFFFF	32
1799	#FFFFFF	53
1800	#FFFFFF	53
1801	#FFFFFF	32
1802	#FFFFFF	53
1803	#FFFFFF	53
1804	#FFFFFF	32
1805	#FFFFFF	32
1806	#FFFFFF	32
1807	#FFFFFF	32
1808	#FFFFFF	32
1809	#FFFFFF	53
1810	#FFFFFF	32
1811	#FFFFFF	32
1812	#FFFFFF	32
1814	#FFFFFF	211
1815	#FFFFFF	211
1816	#FFFFFF	211
1817	#FFFFFF	211
1818	#FFFFFF	211
1819	#FFFFFF	50
1820	#FFFFFF	50
1821	#FFFFFF	50
1822	#FFFFFF	211
1823	#FFFFFF	1414
1824	#FFFFFF	211
1825	#FFFFFF	211
1826	#FFFFFF	211
1827	#FFFFFF	211
1828	#FFFFFF	211
1829	#FFFFFF	211
1830	#FFFFFF	53
1831	#FFFFFF	53
1832	#FFFFFF	50
1833	#FFFFFF	53
1834	#FFFFFF	53
1835	#FFFFFF	53
1836	#FFFFFF	1584
1837	#FFFFFF	53
1838	#FFFFFF	53
1839	#FFFFFF	53
1840	#FFFFFF	53
1841	#FFFFFF	53
1842	#FFFFFF	32
1843	#FFFFFF	53
1844	#FFFFFF	32
1845	#FFFFFF	32
1846	#FFFFFF	32
1847	#FFFFFF	32
1848	#FFFFFF	32
1849	#FFFFFF	32
1850	#FFFFFF	32
1851	#FFFFFF	53
1852	#FFFFFF	32
1853	#FFFFFF	53
1854	#FFFFFF	53
1855	#FFFFFF	53
1856	#FFFFFF	32
1857	#FFFFFF	32
1858	#FFFFFF	32
1859	#FFFFFF	32
1860	#FFFFFF	53
1861	#FFFFFF	53
1862	#FFFFFF	32
1863	#FFFFFF	32
1864	#FFFFFF	211
1865	#FFFFFF	211
1866	#FFFFFF	211
1867	#FFFFFF	211
1868	#FFFFFF	211
1870	#FFFFFF	50
1871	#FFFFFF	50
1872	#FFFFFF	211
1873	#FFFFFF	211
1874	#FFFFFF	211
1875	#FFFFFF	211
1876	#FFFFFF	53
1877	#FFFFFF	211
1878	#FFFFFF	211
1879	#FFFFFF	211
1880	#FFFFFF	211
1881	#FFFFFF	53
1882	#FFFFFF	50
1883	#FFFFFF	53
1884	#FFFFFF	53
1885	#FFFFFF	1584
1886	#FFFFFF	1584
1887	#FFFFFF	53
1888	#FFFFFF	53
1889	#FFFFFF	53
1890	#FFFFFF	53
1891	#FFFFFF	53
1892	#FFFFFF	53
1893	#FFFFFF	53
1894	#FFFFFF	53
1895	#FFFFFF	32
1896	#FFFFFF	53
1897	#FFFFFF	32
1898	#FFFFFF	32
1899	#FFFFFF	32
1900	#FFFFFF	32
1901	#FFFFFF	32
1902	#FFFFFF	32
1903	#FFFFFF	53
1904	#FFFFFF	53
1905	#FFFFFF	53
1906	#FFFFFF	32
1907	#FFFFFF	53
1908	#FFFFFF	32
1909	#FFFFFF	32
1910	#FFFFFF	32
1911	#FFFFFF	53
1912	#FFFFFF	53
1913	#FFFFFF	32
1915	#FFFFFF	211
1916	#FFFFFF	211
1917	#FFFFFF	211
1918	#FFFFFF	211
1919	#FFFFFF	211
1920	#FFFFFF	50
1921	#FFFFFF	50
1922	#FFFFFF	50
1923	#FFFFFF	211
1924	#FFFFFF	211
1925	#FFFFFF	53
1926	#FFFFFF	53
1927	#FFFFFF	53
1928	#FFFFFF	211
1929	#FFFFFF	211
1930	#FFFFFF	53
1931	#FFFFFF	53
1932	#FFFFFF	53
1933	#FFFFFF	50
1934	#FFFFFF	53
1935	#FFFFFF	1584
1936	#FFFFFF	1584
1937	#FFFFFF	53
1938	#FFFFFF	53
1939	#FFFFFF	53
1940	#FFFFFF	53
1941	#FFFFFF	53
1942	#FFFFFF	53
1943	#FFFFFF	53
1944	#FFFFFF	53
1945	#FFFFFF	32
1946	#FFFFFF	53
1947	#FFFFFF	53
1948	#FFFFFF	32
1949	#FFFFFF	32
1950	#FFFFFF	32
1951	#FFFFFF	32
1952	#FFFFFF	32
1953	#FFFFFF	32
1954	#FFFFFF	53
1955	#FFFFFF	53
1956	#FFFFFF	53
1957	#FFFFFF	53
1958	#FFFFFF	32
1959	#FFFFFF	32
1960	#FFFFFF	32
1961	#FFFFFF	53
1962	#FFFFFF	53
1963	#FFFFFF	53
1964	#FFFFFF	32
1965	#FFFFFF	211
1966	#FFFFFF	211
1967	#FFFFFF	211
1968	#FFFFFF	211
1969	#FFFFFF	211
1971	#FFFFFF	53
1972	#FFFFFF	53
1973	#FFFFFF	53
1974	#FFFFFF	211
1975	#FFFFFF	211
1976	#FFFFFF	53
1977	#FFFFFF	53
1978	#FFFFFF	53
1979	#FFFFFF	211
1980	#FFFFFF	211
1981	#FFFFFF	53
1982	#FFFFFF	53
1983	#FFFFFF	53
1984	#FFFFFF	53
1985	#FFFFFF	1584
1986	#FFFFFF	1584
1987	#FFFFFF	1584
1988	#FFFFFF	53
1989	#FFFFFF	53
1990	#FFFFFF	53
1991	#FFFFFF	53
1992	#FFFFFF	53
1993	#FFFFFF	53
1994	#FFFFFF	53
1995	#FFFFFF	53
1996	#FFFFFF	53
1997	#FFFFFF	53
1998	#FFFFFF	32
1999	#FFFFFF	32
2000	#FFFFFF	32
2001	#FFFFFF	32
2002	#FFFFFF	32
2003	#FFFFFF	32
2004	#FFFFFF	53
2005	#FFFFFF	53
2006	#FFFFFF	53
2007	#FFFFFF	53
2008	#FFFFFF	53
2009	#FFFFFF	32
2010	#FFFFFF	32
2011	#FFFFFF	53
2012	#FFFFFF	53
2013	#FFFFFF	53
2014	#FFFFFF	32
2016	#FFFFFF	53
2017	#FFFFFF	211
2018	#FFFFFF	211
2019	#FFFFFF	211
2020	#FFFFFF	211
2021	#FFFFFF	50
2022	#FFFFFF	53
2023	#FFFFFF	53
2024	#FFFFFF	53
2025	#FFFFFF	53
2026	#FFFFFF	211
2027	#FFFFFF	53
2028	#FFFFFF	53
2029	#FFFFFF	53
2030	#FFFFFF	211
2031	#FFFFFF	53
2032	#FFFFFF	53
2033	#FFFFFF	1584
2034	#FFFFFF	53
2035	#FFFFFF	1584
2036	#FFFFFF	53
2037	#FFFFFF	1584
2038	#FFFFFF	53
2039	#FFFFFF	53
2040	#FFFFFF	53
2041	#FFFFFF	53
2042	#FFFFFF	53
2043	#FFFFFF	53
2044	#FFFFFF	53
2045	#FFFFFF	53
2046	#FFFFFF	53
2047	#FFFFFF	53
2048	#FFFFFF	53
2049	#FFFFFF	32
2050	#FFFFFF	32
2051	#FFFFFF	32
2052	#FFFFFF	32
2053	#FFFFFF	32
2054	#FFFFFF	53
2055	#FFFFFF	53
2056	#FFFFFF	211
2057	#FFFFFF	53
2058	#FFFFFF	53
2059	#FFFFFF	32
2060	#FFFFFF	32
2061	#FFFFFF	53
2062	#FFFFFF	53
2063	#FFFFFF	53
2064	#FFFFFF	53
2065	#FFFFFF	32
2066	#FFFFFF	211
2067	#FFFFFF	211
2068	#FFFFFF	211
2069	#FFFFFF	53
2070	#FFFFFF	53
2072	#FFFFFF	53
2073	#FFFFFF	53
2074	#FFFFFF	53
2075	#FFFFFF	53
2076	#FFFFFF	53
2077	#FFFFFF	53
2078	#FFFFFF	53
2079	#FFFFFF	53
2080	#FFFFFF	211
2081	#FFFFFF	53
2082	#FFFFFF	53
2083	#FFFFFF	1584
2084	#FFFFFF	53
2085	#FFFFFF	1584
2086	#FFFFFF	53
2087	#FFFFFF	53
2088	#FFFFFF	53
2089	#FFFFFF	53
2090	#FFFFFF	53
2091	#FFFFFF	53
2092	#FFFFFF	53
2093	#FFFFFF	53
2094	#FFFFFF	53
2095	#FFFFFF	53
2096	#FFFFFF	53
2097	#FFFFFF	53
2098	#FFFFFF	53
2099	#FFFFFF	53
2100	#FFFFFF	32
2101	#FFFFFF	32
2102	#FFFFFF	32
2103	#FFFFFF	32
2104	#FFFFFF	32
2105	#FFFFFF	53
2106	#FFFFFF	53
2107	#FFFFFF	53
2108	#FFFFFF	53
2109	#FFFFFF	53
2110	#FFFFFF	53
2111	#FFFFFF	32
2112	#FFFFFF	32
2113	#FFFFFF	53
2114	#FFFFFF	53
2115	#FFFFFF	53
2117	#FFFFFF	211
2118	#FFFFFF	211
2119	#FFFFFF	211
2120	#FFFFFF	211
2121	#FFFFFF	53
2122	#FFFFFF	50
2123	#FFFFFF	53
2124	#FFFFFF	53
2125	#FFFFFF	211
2126	#FFFFFF	53
2127	#FFFFFF	53
2128	#FFFFFF	53
2129	#FFFFFF	53
2130	#FFFFFF	53
2131	#FFFFFF	53
2132	#FFFFFF	654
2133	#FFFFFF	53
2134	#FFFFFF	1584
2135	#FFFFFF	53
2136	#FFFFFF	53
2137	#FFFFFF	53
2138	#FFFFFF	53
2139	#FFFFFF	53
2140	#FFFFFF	53
2141	#FFFFFF	53
2142	#FFFFFF	53
2143	#FFFFFF	53
2144	#FFFFFF	53
2145	#FFFFFF	32
2146	#FFFFFF	53
2147	#FFFFFF	53
2148	#FFFFFF	32
2149	#FFFFFF	32
2150	#FFFFFF	32
2151	#FFFFFF	32
2152	#FFFFFF	32
2153	#FFFFFF	32
2154	#FFFFFF	32
2155	#FFFFFF	53
2156	#FFFFFF	53
2157	#FFFFFF	53
2158	#FFFFFF	53
2159	#FFFFFF	53
2160	#FFFFFF	53
2161	#FFFFFF	32
2162	#FFFFFF	32
2163	#FFFFFF	32
2164	#FFFFFF	53
2165	#FFFFFF	53
2166	#FFFFFF	53
2167	#FFFFFF	211
2168	#FFFFFF	53
2169	#FFFFFF	211
2170	#FFFFFF	211
2171	#FFFFFF	53
2173	#FFFFFF	53
2174	#FFFFFF	53
2175	#FFFFFF	53
2176	#FFFFFF	211
2177	#FFFFFF	53
2178	#FFFFFF	53
2179	#FFFFFF	53
2180	#FFFFFF	53
2181	#FFFFFF	53
2182	#FFFFFF	654
2183	#FFFFFF	53
2184	#FFFFFF	1584
2185	#FFFFFF	53
2186	#FFFFFF	53
2187	#FFFFFF	53
2188	#FFFFFF	53
2189	#FFFFFF	53
2190	#FFFFFF	53
2191	#FFFFFF	53
2192	#FFFFFF	53
2193	#FFFFFF	53
2194	#FFFFFF	53
2195	#FFFFFF	53
2196	#FFFFFF	53
2197	#FFFFFF	32
2198	#FFFFFF	32
2199	#FFFFFF	32
2200	#FFFFFF	32
2201	#FFFFFF	32
2202	#FFFFFF	32
2203	#FFFFFF	32
2204	#FFFFFF	53
2205	#FFFFFF	53
2206	#FFFFFF	53
2207	#FFFFFF	53
2208	#FFFFFF	53
2209	#FFFFFF	53
2210	#FFFFFF	53
2211	#FFFFFF	53
2212	#FFFFFF	53
2213	#FFFFFF	53
2214	#FFFFFF	53
2215	#FFFFFF	53
2216	#FFFFFF	53
2218	#FFFFFF	53
2219	#FFFFFF	53
2220	#FFFFFF	211
2221	#FFFFFF	211
2222	#FFFFFF	211
2223	#FFFFFF	50
2224	#FFFFFF	50
2225	#FFFFFF	53
2226	#FFFFFF	211
2227	#FFFFFF	211
2228	#FFFFFF	211
2229	#FFFFFF	53
2230	#FFFFFF	53
2231	#FFFFFF	53
2232	#FFFFFF	654
2233	#FFFFFF	53
2234	#FFFFFF	53
2235	#FFFFFF	53
2236	#FFFFFF	53
2237	#FFFFFF	53
2238	#FFFFFF	53
2239	#FFFFFF	53
2240	#FFFFFF	53
2241	#FFFFFF	53
2242	#FFFFFF	53
2243	#FFFFFF	53
2244	#FFFFFF	53
2245	#FFFFFF	53
2246	#FFFFFF	53
2247	#FFFFFF	53
2248	#FFFFFF	32
2249	#FFFFFF	32
2250	#FFFFFF	32
2251	#FFFFFF	32
2252	#FFFFFF	32
2253	#FFFFFF	32
2254	#FFFFFF	53
2255	#FFFFFF	53
2256	#FFFFFF	53
2257	#FFFFFF	53
2258	#FFFFFF	53
2259	#FFFFFF	53
2260	#FFFFFF	53
2261	#FFFFFF	53
2262	#FFFFFF	53
2263	#FFFFFF	53
2264	#FFFFFF	53
2265	#FFFFFF	53
2266	#FFFFFF	53
2267	#FFFFFF	53
2268	#FFFFFF	53
2269	#FFFFFF	211
2270	#FFFFFF	211
2271	#FFFFFF	211
2272	#FFFFFF	211
2274	#FFFFFF	74
2275	#FFFFFF	74
2276	#FFFFFF	50
2277	#FFFFFF	50
2278	#FFFFFF	50
2279	#FFFFFF	50
2280	#FFFFFF	50
2281	#FFFFFF	1462
2282	#FFFFFF	32
2283	#FFFFFF	32
2284	#FFFFFF	1189
2285	#FFFFFF	32
2286	#FFFFFF	74
2287	#FFFFFF	32
2288	#FFFFFF	901
2289	#FFFFFF	86
2290	#FFFFFF	86
2291	#FFFFFF	86
2292	#FFFFFF	86
2293	#FFFFFF	86
2294	#FFFFFF	831
2295	#FFFFFF	831
2296	#FFFFFF	86
2297	#FFFFFF	74
2298	#FFFFFF	86
2299	#FFFFFF	86
2300	#FFFFFF	86
2301	#FFFFFF	32
2302	#FFFFFF	32
2303	#FFFFFF	86
2304	#FFFFFF	32
2305	#FFFFFF	32
2306	#FFFFFF	32
2307	#FFFFFF	32
2308	#FFFFFF	199
2309	#FFFFFF	32
2310	#FFFFFF	319
2311	#FFFFFF	319
2312	#FFFFFF	319
2313	#FFFFFF	319
2314	#FFFFFF	32
2315	#FFFFFF	32
2316	#FFFFFF	32
2317	#FFFFFF	32
2319	#FFFFFF	50
2320	#FFFFFF	50
2321	#FFFFFF	50
2322	#FFFFFF	74
2323	#FFFFFF	50
2324	#FFFFFF	74
2325	#FFFFFF	74
2326	#FFFFFF	74
2327	#FFFFFF	50
2328	#FFFFFF	50
2329	#FFFFFF	50
2330	#FFFFFF	50
2331	#FFFFFF	1462
2333	#FFFFFF	32
2334	#FFFFFF	32
2335	#FFFFFF	32
2336	#FFFFFF	32
2337	#FFFFFF	74
2338	#FFFFFF	901
2339	#FFFFFF	901
2340	#FFFFFF	86
2341	#FFFFFF	86
2342	#FFFFFF	831
2343	#FFFFFF	86
2344	#FFFFFF	86
2345	#FFFFFF	831
2346	#FFFFFF	86
2347	#FFFFFF	831
2348	#FFFFFF	74
2349	#FFFFFF	86
2350	#FFFFFF	86
2351	#FFFFFF	32
2352	#FFFFFF	86
2353	#FFFFFF	86
2354	#FFFFFF	86
2355	#FFFFFF	32
2356	#FFFFFF	86
2357	#FFFFFF	86
2358	#FFFFFF	32
2359	#FFFFFF	50
2360	#FFFFFF	32
2361	#FFFFFF	319
2362	#FFFFFF	319
2363	#FFFFFF	319
2364	#FFFFFF	319
2365	#FFFFFF	319
2366	#FFFFFF	319
2367	#FFFFFF	32
2368	#FFFFFF	32
2369	#FFFFFF	50
2370	#FFFFFF	50
2371	#FFFFFF	50
2372	#FFFFFF	74
2373	#FFFFFF	74
2375	#FFFFFF	50
2376	#FFFFFF	50
2377	#FFFFFF	211
2378	#FFFFFF	211
2379	#FFFFFF	211
2380	#FFFFFF	53
2381	#FFFFFF	53
2382	#FFFFFF	654
2383	#FFFFFF	53
2384	#FFFFFF	654
2385	#FFFFFF	53
2386	#FFFFFF	53
2387	#FFFFFF	53
2388	#FFFFFF	53
2389	#FFFFFF	53
2390	#FFFFFF	53
2391	#FFFFFF	53
2392	#FFFFFF	53
2393	#FFFFFF	53
2394	#FFFFFF	53
2395	#FFFFFF	53
2396	#FFFFFF	53
2397	#FFFFFF	53
2398	#FFFFFF	53
2399	#FFFFFF	53
2400	#FFFFFF	32
2401	#FFFFFF	32
2402	#FFFFFF	32
2403	#FFFFFF	32
2404	#FFFFFF	32
2405	#FFFFFF	53
2406	#FFFFFF	53
2407	#FFFFFF	53
2408	#FFFFFF	53
2409	#FFFFFF	53
2410	#FFFFFF	53
2411	#FFFFFF	53
2412	#FFFFFF	53
2413	#FFFFFF	53
2414	#FFFFFF	53
2415	#FFFFFF	53
2416	#FFFFFF	32
2417	#FFFFFF	32
2418	#FFFFFF	32
2420	#FFFFFF	53
2421	#FFFFFF	53
2422	#FFFFFF	211
2423	#FFFFFF	211
2424	#FFFFFF	53
2425	#FFFFFF	50
2426	#FFFFFF	50
2427	#FFFFFF	53
2428	#FFFFFF	211
2429	#FFFFFF	211
2430	#FFFFFF	211
2431	#FFFFFF	53
2432	#FFFFFF	654
2433	#FFFFFF	654
2434	#FFFFFF	654
2435	#FFFFFF	53
2436	#FFFFFF	53
2437	#FFFFFF	53
2438	#FFFFFF	53
2439	#FFFFFF	53
2440	#FFFFFF	53
2441	#FFFFFF	53
2442	#FFFFFF	53
2443	#FFFFFF	262
2444	#FFFFFF	53
2445	#FFFFFF	53
2446	#FFFFFF	53
2447	#FFFFFF	53
2448	#FFFFFF	53
2449	#FFFFFF	53
2450	#FFFFFF	53
2451	#FFFFFF	32
2452	#FFFFFF	32
2453	#FFFFFF	32
2454	#FFFFFF	32
2455	#FFFFFF	32
2456	#FFFFFF	53
2457	#FFFFFF	53
2458	#FFFFFF	53
2459	#FFFFFF	53
2460	#FFFFFF	53
2461	#FFFFFF	32
2462	#FFFFFF	53
2463	#FFFFFF	32
2464	#FFFFFF	53
2465	#FFFFFF	53
2466	#FFFFFF	53
2467	#FFFFFF	32
2468	#FFFFFF	32
2469	#FFFFFF	32
2470	#FFFFFF	53
2471	#FFFFFF	53
2472	#FFFFFF	211
2473	#FFFFFF	53
2474	#FFFFFF	53
2476	#FFFFFF	53
2477	#FFFFFF	53
2478	#FFFFFF	211
2479	#FFFFFF	211
2480	#FFFFFF	211
2481	#FFFFFF	53
2482	#FFFFFF	53
2483	#FFFFFF	654
2484	#FFFFFF	654
2485	#FFFFFF	654
2486	#FFFFFF	654
2487	#FFFFFF	53
2488	#FFFFFF	53
2489	#FFFFFF	53
2490	#FFFFFF	53
2491	#FFFFFF	53
2492	#FFFFFF	53
2493	#FFFFFF	53
2494	#FFFFFF	262
2495	#FFFFFF	53
2496	#FFFFFF	53
2497	#FFFFFF	53
2498	#FFFFFF	53
2499	#FFFFFF	53
2500	#FFFFFF	53
2501	#FFFFFF	32
2502	#FFFFFF	32
2503	#FFFFFF	32
2504	#FFFFFF	32
2505	#FFFFFF	32
2506	#FFFFFF	53
2507	#FFFFFF	53
2508	#FFFFFF	53
2509	#FFFFFF	53
2510	#FFFFFF	53
2511	#FFFFFF	32
2512	#FFFFFF	32
2513	#FFFFFF	32
2514	#FFFFFF	32
2515	#FFFFFF	53
2516	#FFFFFF	53
2517	#FFFFFF	32
2518	#FFFFFF	32
2519	#FFFFFF	1779
2521	#FFFFFF	53
2522	#FFFFFF	211
2523	#FFFFFF	211
2524	#FFFFFF	53
2525	#FFFFFF	53
2526	#FFFFFF	53
2527	#FFFFFF	53
2528	#FFFFFF	53
2529	#FFFFFF	211
2530	#FFFFFF	211
2531	#FFFFFF	53
2532	#FFFFFF	53
2533	#FFFFFF	654
2534	#FFFFFF	654
2535	#FFFFFF	53
2536	#FFFFFF	654
2537	#FFFFFF	654
2538	#FFFFFF	654
2539	#FFFFFF	53
2540	#FFFFFF	53
2541	#FFFFFF	53
2542	#FFFFFF	53
2543	#FFFFFF	53
2544	#FFFFFF	262
2545	#FFFFFF	262
2546	#FFFFFF	53
2547	#FFFFFF	53
2548	#FFFFFF	53
2549	#FFFFFF	53
2550	#FFFFFF	53
2551	#FFFFFF	53
2552	#FFFFFF	32
2553	#FFFFFF	53
2554	#FFFFFF	32
2555	#FFFFFF	32
2556	#FFFFFF	53
2557	#FFFFFF	53
2558	#FFFFFF	53
2559	#FFFFFF	53
2560	#FFFFFF	53
2561	#FFFFFF	53
2562	#FFFFFF	32
2563	#FFFFFF	32
2564	#FFFFFF	32
2565	#FFFFFF	53
2566	#FFFFFF	53
2567	#FFFFFF	32
2568	#FFFFFF	32
2569	#FFFFFF	32
2570	#FFFFFF	32
2571	#FFFFFF	53
2572	#FFFFFF	211
2573	#FFFFFF	53
2574	#FFFFFF	53
2575	#FFFFFF	53
2577	#FFFFFF	53
2578	#FFFFFF	53
2579	#FFFFFF	211
2580	#FFFFFF	53
2581	#FFFFFF	211
2582	#FFFFFF	53
2583	#FFFFFF	53
2584	#FFFFFF	654
2585	#FFFFFF	53
2586	#FFFFFF	53
2587	#FFFFFF	654
2588	#FFFFFF	654
2589	#FFFFFF	53
2590	#FFFFFF	654
2591	#FFFFFF	53
2592	#FFFFFF	53
2593	#FFFFFF	53
2594	#FFFFFF	53
2595	#FFFFFF	262
2596	#FFFFFF	53
2597	#FFFFFF	53
2598	#FFFFFF	53
2599	#FFFFFF	53
2600	#FFFFFF	53
2601	#FFFFFF	53
2602	#FFFFFF	32
2603	#FFFFFF	53
2604	#FFFFFF	53
2605	#FFFFFF	53
2606	#FFFFFF	32
2607	#FFFFFF	53
2608	#FFFFFF	53
2609	#FFFFFF	53
2610	#FFFFFF	53
2611	#FFFFFF	53
2612	#FFFFFF	53
2613	#FFFFFF	32
2614	#FFFFFF	32
2615	#FFFFFF	32
2616	#FFFFFF	53
2617	#FFFFFF	32
2618	#FFFFFF	32
2619	#FFFFFF	32
2620	#FFFFFF	32
2622	#FFFFFF	53
2623	#FFFFFF	53
2624	#FFFFFF	53
2625	#FFFFFF	53
2626	#FFFFFF	53
2627	#FFFFFF	53
2628	#FFFFFF	53
2629	#FFFFFF	53
2630	#FFFFFF	211
2631	#FFFFFF	53
2632	#FFFFFF	53
2633	#FFFFFF	53
2634	#FFFFFF	654
2635	#FFFFFF	53
2636	#FFFFFF	53
2637	#FFFFFF	654
2638	#FFFFFF	654
2639	#FFFFFF	53
2640	#FFFFFF	53
2641	#FFFFFF	53
2642	#FFFFFF	53
2643	#FFFFFF	53
2644	#FFFFFF	53
2645	#FFFFFF	262
2646	#FFFFFF	53
2647	#FFFFFF	53
2648	#FFFFFF	53
2649	#FFFFFF	53
2650	#FFFFFF	53
2651	#FFFFFF	53
2652	#FFFFFF	53
2653	#FFFFFF	53
2654	#FFFFFF	53
2655	#FFFFFF	53
2656	#FFFFFF	32
2657	#FFFFFF	53
2658	#FFFFFF	53
2659	#FFFFFF	53
2660	#FFFFFF	53
2661	#FFFFFF	53
2662	#FFFFFF	53
2663	#FFFFFF	32
2664	#FFFFFF	32
2665	#FFFFFF	32
2666	#FFFFFF	53
2667	#FFFFFF	53
2668	#FFFFFF	32
2669	#FFFFFF	32
2670	#FFFFFF	32
2671	#FFFFFF	32
2672	#FFFFFF	53
2673	#FFFFFF	53
2674	#FFFFFF	53
2675	#FFFFFF	53
2676	#FFFFFF	53
2678	#FFFFFF	53
2679	#FFFFFF	53
2680	#FFFFFF	53
2681	#FFFFFF	53
2682	#FFFFFF	654
2683	#FFFFFF	53
2684	#FFFFFF	53
2685	#FFFFFF	654
2686	#FFFFFF	53
2687	#FFFFFF	654
2688	#FFFFFF	654
2689	#FFFFFF	654
2690	#FFFFFF	53
2691	#FFFFFF	53
2692	#FFFFFF	53
2693	#FFFFFF	262
2694	#FFFFFF	262
2695	#FFFFFF	262
2696	#FFFFFF	262
2697	#FFFFFF	53
2698	#FFFFFF	53
2699	#FFFFFF	53
2700	#FFFFFF	53
2701	#FFFFFF	53
2702	#FFFFFF	53
2703	#FFFFFF	53
2704	#FFFFFF	53
2705	#FFFFFF	53
2706	#FFFFFF	32
2707	#FFFFFF	53
2708	#FFFFFF	53
2709	#FFFFFF	53
2710	#FFFFFF	53
2711	#FFFFFF	53
2712	#FFFFFF	53
2713	#FFFFFF	32
2714	#FFFFFF	32
2715	#FFFFFF	32
2716	#FFFFFF	32
2717	#FFFFFF	53
2718	#FFFFFF	53
2719	#FFFFFF	32
2720	#FFFFFF	32
2721	#FFFFFF	32
2723	#FFFFFF	53
2724	#FFFFFF	53
2725	#FFFFFF	53
2726	#FFFFFF	53
2727	#FFFFFF	53
2728	#FFFFFF	53
2729	#FFFFFF	53
2730	#FFFFFF	53
2731	#FFFFFF	53
2732	#FFFFFF	53
2733	#FFFFFF	654
2734	#FFFFFF	53
2735	#FFFFFF	654
2736	#FFFFFF	53
2737	#FFFFFF	53
2738	#FFFFFF	654
2739	#FFFFFF	53
2740	#FFFFFF	53
2741	#FFFFFF	53
2742	#FFFFFF	53
2743	#FFFFFF	262
2744	#FFFFFF	262
2745	#FFFFFF	262
2746	#FFFFFF	53
2747	#FFFFFF	53
2748	#FFFFFF	53
2749	#FFFFFF	53
2750	#FFFFFF	53
2751	#FFFFFF	53
2752	#FFFFFF	53
2753	#FFFFFF	53
2754	#FFFFFF	53
2755	#FFFFFF	53
2756	#FFFFFF	53
2757	#FFFFFF	53
2758	#FFFFFF	53
2759	#FFFFFF	53
2760	#FFFFFF	53
2761	#FFFFFF	53
2762	#FFFFFF	53
2763	#FFFFFF	53
2764	#FFFFFF	32
2765	#FFFFFF	32
2766	#FFFFFF	32
2767	#FFFFFF	53
2768	#FFFFFF	32
2769	#FFFFFF	32
2770	#FFFFFF	32
2771	#FFFFFF	32
2772	#FFFFFF	32
2773	#FFFFFF	53
2774	#FFFFFF	53
2775	#FFFFFF	53
2776	#FFFFFF	53
2777	#FFFFFF	53
2779	#FFFFFF	53
2780	#FFFFFF	53
2781	#FFFFFF	53
2782	#FFFFFF	53
2783	#FFFFFF	654
2784	#FFFFFF	654
2785	#FFFFFF	654
2786	#FFFFFF	53
2787	#FFFFFF	53
2788	#FFFFFF	53
2789	#FFFFFF	53
2790	#FFFFFF	53
2791	#FFFFFF	182
2792	#FFFFFF	53
2793	#FFFFFF	262
2794	#FFFFFF	53
2795	#FFFFFF	262
2796	#FFFFFF	262
2797	#FFFFFF	53
2798	#FFFFFF	53
2799	#FFFFFF	53
2800	#FFFFFF	53
2801	#FFFFFF	53
2802	#FFFFFF	182
2803	#FFFFFF	53
2804	#FFFFFF	53
2805	#FFFFFF	53
2806	#FFFFFF	53
2807	#FFFFFF	53
2808	#FFFFFF	53
2809	#FFFFFF	53
2810	#FFFFFF	53
2811	#FFFFFF	53
2812	#FFFFFF	53
2813	#FFFFFF	53
2814	#FFFFFF	53
2815	#FFFFFF	32
2816	#FFFFFF	32
2817	#FFFFFF	32
2818	#FFFFFF	53
2819	#FFFFFF	32
2820	#FFFFFF	32
2821	#FFFFFF	32
2822	#FFFFFF	32
2824	#FFFFFF	53
2825	#FFFFFF	53
2826	#FFFFFF	53
2827	#FFFFFF	53
2828	#FFFFFF	53
2829	#FFFFFF	53
2830	#FFFFFF	53
2831	#FFFFFF	53
2832	#FFFFFF	53
2833	#FFFFFF	53
2834	#FFFFFF	53
2835	#FFFFFF	654
2836	#FFFFFF	53
2837	#FFFFFF	53
2838	#FFFFFF	53
2839	#FFFFFF	53
2840	#FFFFFF	53
2841	#FFFFFF	53
2842	#FFFFFF	182
2843	#FFFFFF	53
2844	#FFFFFF	262
2845	#FFFFFF	53
2846	#FFFFFF	53
2847	#FFFFFF	53
2848	#FFFFFF	53
2849	#FFFFFF	53
2850	#FFFFFF	53
2851	#FFFFFF	53
2852	#FFFFFF	53
2853	#FFFFFF	53
2854	#FFFFFF	53
2855	#FFFFFF	53
2856	#FFFFFF	262
2857	#FFFFFF	262
2858	#FFFFFF	53
2859	#FFFFFF	53
2860	#FFFFFF	53
2861	#FFFFFF	53
2862	#FFFFFF	53
2863	#FFFFFF	53
2864	#FFFFFF	182
2865	#FFFFFF	53
2866	#FFFFFF	32
2867	#FFFFFF	32
2868	#FFFFFF	32
2869	#FFFFFF	32
2870	#FFFFFF	32
2871	#FFFFFF	32
2872	#FFFFFF	32
2873	#FFFFFF	32
2874	#FFFFFF	53
2875	#FFFFFF	53
2876	#FFFFFF	53
2877	#FFFFFF	182
2878	#FFFFFF	53
2880	#FFFFFF	182
2881	#FFFFFF	53
2882	#FFFFFF	53
2883	#FFFFFF	53
2884	#FFFFFF	53
2885	#FFFFFF	654
2886	#FFFFFF	654
2887	#FFFFFF	53
2888	#FFFFFF	53
2889	#FFFFFF	53
2890	#FFFFFF	53
2891	#FFFFFF	53
2892	#FFFFFF	53
2893	#FFFFFF	53
2894	#FFFFFF	262
2895	#FFFFFF	53
2896	#FFFFFF	53
2897	#FFFFFF	53
2898	#FFFFFF	53
2899	#FFFFFF	53
2900	#FFFFFF	53
2901	#FFFFFF	53
2902	#FFFFFF	53
2903	#FFFFFF	182
2904	#FFFFFF	53
2905	#FFFFFF	53
2906	#FFFFFF	53
2907	#FFFFFF	262
2908	#FFFFFF	53
2909	#FFFFFF	53
2910	#FFFFFF	53
2911	#FFFFFF	53
2912	#FFFFFF	53
2913	#FFFFFF	53
2914	#FFFFFF	53
2915	#FFFFFF	53
2916	#FFFFFF	53
2917	#FFFFFF	32
2918	#FFFFFF	32
2919	#FFFFFF	32
2920	#FFFFFF	32
2921	#FFFFFF	32
2922	#FFFFFF	32
2923	#FFFFFF	1564
2925	#FFFFFF	182
2926	#FFFFFF	53
2927	#FFFFFF	182
2928	#FFFFFF	182
2929	#FFFFFF	182
2930	#FFFFFF	182
2931	#FFFFFF	53
2932	#FFFFFF	182
2933	#FFFFFF	182
2934	#FFFFFF	53
2935	#FFFFFF	654
2936	#FFFFFF	654
2937	#FFFFFF	53
2938	#FFFFFF	53
2939	#FFFFFF	1583
2940	#FFFFFF	53
2941	#FFFFFF	53
2942	#FFFFFF	262
2943	#FFFFFF	182
2944	#FFFFFF	262
2945	#FFFFFF	53
2946	#FFFFFF	53
2947	#FFFFFF	53
2948	#FFFFFF	53
2949	#FFFFFF	53
2950	#FFFFFF	53
2951	#FFFFFF	53
2952	#FFFFFF	53
2953	#FFFFFF	53
2954	#FFFFFF	182
2955	#FFFFFF	53
2956	#FFFFFF	262
2957	#FFFFFF	262
2958	#FFFFFF	53
2959	#FFFFFF	53
2960	#FFFFFF	53
2961	#FFFFFF	53
2962	#FFFFFF	53
2963	#FFFFFF	53
2964	#FFFFFF	53
2965	#FFFFFF	182
2966	#FFFFFF	53
2967	#FFFFFF	53
2968	#FFFFFF	32
2969	#FFFFFF	32
2970	#FFFFFF	32
2971	#FFFFFF	32
2972	#FFFFFF	32
2973	#FFFFFF	1564
2974	#FFFFFF	32
2975	#FFFFFF	182
2976	#FFFFFF	182
2977	#FFFFFF	182
2978	#FFFFFF	182
2979	#FFFFFF	182
2981	#FFFFFF	182
2982	#FFFFFF	182
2983	#FFFFFF	182
2984	#FFFFFF	53
2985	#FFFFFF	654
2986	#FFFFFF	53
2987	#FFFFFF	654
2988	#FFFFFF	53
2989	#FFFFFF	53
2990	#FFFFFF	53
2991	#FFFFFF	53
2992	#FFFFFF	262
2993	#FFFFFF	182
2994	#FFFFFF	262
2995	#FFFFFF	262
2996	#FFFFFF	262
2997	#FFFFFF	53
2998	#FFFFFF	53
2999	#FFFFFF	53
3000	#FFFFFF	53
3001	#FFFFFF	53
3002	#FFFFFF	53
3003	#FFFFFF	53
3004	#FFFFFF	182
3005	#FFFFFF	53
3006	#FFFFFF	53
3007	#FFFFFF	262
3008	#FFFFFF	262
3009	#FFFFFF	262
3010	#FFFFFF	262
3011	#FFFFFF	53
3012	#FFFFFF	53
3013	#FFFFFF	53
3014	#FFFFFF	53
3015	#FFFFFF	182
3016	#FFFFFF	1698
3017	#FFFFFF	53
3018	#FFFFFF	53
3019	#FFFFFF	32
3020	#FFFFFF	1519
3021	#FFFFFF	32
3022	#FFFFFF	32
3023	#FFFFFF	1564
3024	#FFFFFF	32
3026	#FFFFFF	182
3027	#FFFFFF	182
3028	#FFFFFF	182
3029	#FFFFFF	182
3030	#FFFFFF	182
3031	#FFFFFF	53
3032	#FFFFFF	182
3033	#FFFFFF	182
3034	#FFFFFF	53
3035	#FFFFFF	53
3036	#FFFFFF	654
3037	#FFFFFF	53
3038	#FFFFFF	53
3039	#FFFFFF	53
3040	#FFFFFF	53
3041	#FFFFFF	53
3042	#FFFFFF	262
3043	#FFFFFF	262
3044	#FFFFFF	182
3045	#FFFFFF	262
3046	#FFFFFF	262
3047	#FFFFFF	262
3048	#FFFFFF	53
3049	#FFFFFF	53
3050	#FFFFFF	53
3051	#FFFFFF	53
3052	#FFFFFF	53
3053	#FFFFFF	53
3054	#FFFFFF	262
3055	#FFFFFF	182
3056	#FFFFFF	53
3057	#FFFFFF	53
3058	#FFFFFF	262
3059	#FFFFFF	262
3060	#FFFFFF	262
3061	#FFFFFF	53
3062	#FFFFFF	1698
3063	#FFFFFF	53
3064	#FFFFFF	53
3065	#FFFFFF	1698
3066	#FFFFFF	182
3067	#FFFFFF	53
3068	#FFFFFF	53
3069	#FFFFFF	53
3070	#FFFFFF	1519
3071	#FFFFFF	53
3072	#FFFFFF	32
3073	#FFFFFF	1564
3074	#FFFFFF	1564
3075	#FFFFFF	32
3076	#FFFFFF	182
3077	#FFFFFF	53
3078	#FFFFFF	53
3079	#FFFFFF	182
3080	#FFFFFF	53
3082	#FFFFFF	53
3083	#FFFFFF	53
3084	#FFFFFF	53
3085	#FFFFFF	53
3086	#FFFFFF	53
3087	#FFFFFF	53
3088	#FFFFFF	53
3089	#FFFFFF	53
3090	#FFFFFF	53
3091	#FFFFFF	53
3092	#FFFFFF	262
3093	#FFFFFF	262
3094	#FFFFFF	53
3095	#FFFFFF	262
3096	#FFFFFF	262
3097	#FFFFFF	262
3098	#FFFFFF	53
3099	#FFFFFF	53
3100	#FFFFFF	53
3101	#FFFFFF	53
3102	#FFFFFF	53
3103	#FFFFFF	53
3104	#FFFFFF	262
3105	#FFFFFF	182
3106	#FFFFFF	262
3107	#FFFFFF	53
3108	#FFFFFF	262
3109	#FFFFFF	262
3110	#FFFFFF	262
3111	#FFFFFF	53
3112	#FFFFFF	53
3113	#FFFFFF	1698
3114	#FFFFFF	53
3115	#FFFFFF	53
3116	#FFFFFF	53
3117	#FFFFFF	1698
3118	#FFFFFF	53
3119	#FFFFFF	53
3120	#FFFFFF	1519
3121	#FFFFFF	53
3122	#FFFFFF	32
3123	#FFFFFF	32
3124	#FFFFFF	1564
3125	#FFFFFF	1564
3127	#FFFFFF	182
3128	#FFFFFF	53
3129	#FFFFFF	53
3130	#FFFFFF	182
3131	#FFFFFF	1548
3132	#FFFFFF	53
3133	#FFFFFF	53
3134	#FFFFFF	53
3135	#FFFFFF	53
3136	#FFFFFF	53
3137	#FFFFFF	53
3138	#FFFFFF	262
3139	#FFFFFF	53
3140	#FFFFFF	53
3141	#FFFFFF	262
3142	#FFFFFF	262
3143	#FFFFFF	262
3144	#FFFFFF	262
3145	#FFFFFF	182
3146	#FFFFFF	262
3147	#FFFFFF	262
3148	#FFFFFF	262
3149	#FFFFFF	262
3150	#FFFFFF	53
3151	#FFFFFF	53
3152	#FFFFFF	53
3153	#FFFFFF	262
3154	#FFFFFF	262
3155	#FFFFFF	262
3156	#FFFFFF	182
3157	#FFFFFF	53
3158	#FFFFFF	262
3159	#FFFFFF	53
3160	#FFFFFF	53
3161	#FFFFFF	262
3162	#FFFFFF	53
3163	#FFFFFF	1698
3164	#FFFFFF	1698
3165	#FFFFFF	53
3166	#FFFFFF	1698
3167	#FFFFFF	53
3168	#FFFFFF	53
3169	#FFFFFF	53
3170	#FFFFFF	53
3171	#FFFFFF	53
3172	#FFFFFF	32
3173	#FFFFFF	32
3174	#FFFFFF	1564
3175	#FFFFFF	32
3176	#FFFFFF	32
3177	#FFFFFF	53
3178	#FFFFFF	182
3179	#FFFFFF	182
3180	#FFFFFF	182
3181	#FFFFFF	1548
3183	#FFFFFF	182
3184	#FFFFFF	182
3185	#FFFFFF	182
3186	#FFFFFF	53
3187	#FFFFFF	53
3188	#FFFFFF	53
3189	#FFFFFF	262
3190	#FFFFFF	262
3191	#FFFFFF	262
3192	#FFFFFF	262
3193	#FFFFFF	53
3194	#FFFFFF	53
3195	#FFFFFF	182
3196	#FFFFFF	262
3197	#FFFFFF	262
3198	#FFFFFF	262
3199	#FFFFFF	262
3200	#FFFFFF	53
3201	#FFFFFF	262
3202	#FFFFFF	262
3203	#FFFFFF	262
3204	#FFFFFF	262
3205	#FFFFFF	262
3206	#FFFFFF	182
3207	#FFFFFF	262
3208	#FFFFFF	262
3209	#FFFFFF	53
3210	#FFFFFF	53
3211	#FFFFFF	53
3212	#FFFFFF	53
3213	#FFFFFF	53
3214	#FFFFFF	53
3215	#FFFFFF	1698
3216	#FFFFFF	1698
3217	#FFFFFF	53
3218	#FFFFFF	53
3219	#FFFFFF	53
3220	#FFFFFF	53
3221	#FFFFFF	53
3222	#FFFFFF	32
3223	#FFFFFF	1564
3224	#FFFFFF	1564
3225	#FFFFFF	1564
3226	#FFFFFF	32
3228	#FFFFFF	53
3229	#FFFFFF	182
3230	#FFFFFF	182
3231	#FFFFFF	182
3232	#FFFFFF	182
3233	#FFFFFF	53
3234	#FFFFFF	182
3235	#FFFFFF	182
3236	#FFFFFF	182
3237	#FFFFFF	53
3238	#FFFFFF	53
3239	#FFFFFF	262
3240	#FFFFFF	262
3241	#FFFFFF	262
3242	#FFFFFF	262
3243	#FFFFFF	262
3244	#FFFFFF	53
3245	#FFFFFF	262
3246	#FFFFFF	182
3247	#FFFFFF	262
3248	#FFFFFF	262
3249	#FFFFFF	262
3250	#FFFFFF	262
3251	#FFFFFF	262
3252	#FFFFFF	262
3253	#FFFFFF	262
3254	#FFFFFF	262
3255	#FFFFFF	262
3256	#FFFFFF	262
3257	#FFFFFF	53
3258	#FFFFFF	262
3259	#FFFFFF	53
3260	#FFFFFF	53
3261	#FFFFFF	53
3262	#FFFFFF	32
3263	#FFFFFF	32
3264	#FFFFFF	53
3265	#FFFFFF	53
3266	#FFFFFF	1698
3267	#FFFFFF	1698
3268	#FFFFFF	182
3269	#FFFFFF	53
3270	#FFFFFF	1473
3271	#FFFFFF	1473
3272	#FFFFFF	53
3273	#FFFFFF	32
3274	#FFFFFF	1564
3275	#FFFFFF	32
3276	#FFFFFF	32
3277	#FFFFFF	32
3278	#FFFFFF	53
3279	#FFFFFF	53
3280	#FFFFFF	53
3281	#FFFFFF	182
3282	#FFFFFF	182
3284	#FFFFFF	182
3285	#FFFFFF	182
3286	#FFFFFF	182
3287	#FFFFFF	53
3288	#FFFFFF	53
3289	#FFFFFF	53
3290	#FFFFFF	262
3291	#FFFFFF	262
3292	#FFFFFF	53
3293	#FFFFFF	53
3294	#FFFFFF	53
3295	#FFFFFF	53
3296	#FFFFFF	182
3297	#FFFFFF	262
3298	#FFFFFF	262
3299	#FFFFFF	262
3300	#FFFFFF	262
3301	#FFFFFF	262
3302	#FFFFFF	262
3303	#FFFFFF	53
3304	#FFFFFF	262
3305	#FFFFFF	262
3306	#FFFFFF	262
3307	#FFFFFF	53
3308	#FFFFFF	262
3309	#FFFFFF	262
3310	#FFFFFF	262
3311	#FFFFFF	262
3312	#FFFFFF	53
3313	#FFFFFF	32
3314	#FFFFFF	53
3315	#FFFFFF	53
3316	#FFFFFF	1698
3317	#FFFFFF	1698
3318	#FFFFFF	53
3319	#FFFFFF	53
3320	#FFFFFF	53
3321	#FFFFFF	1473
3322	#FFFFFF	53
3323	#FFFFFF	32
3324	#FFFFFF	1564
3325	#FFFFFF	32
3326	#FFFFFF	32
3327	#FFFFFF	32
3329	#FFFFFF	182
3330	#FFFFFF	53
3331	#FFFFFF	53
3332	#FFFFFF	53
3333	#FFFFFF	182
3334	#FFFFFF	53
3335	#FFFFFF	53
3336	#FFFFFF	182
3337	#FFFFFF	182
3338	#FFFFFF	53
3339	#FFFFFF	53
3340	#FFFFFF	53
3341	#FFFFFF	53
3342	#FFFFFF	53
3343	#FFFFFF	53
3344	#FFFFFF	53
3345	#FFFFFF	53
3346	#FFFFFF	262
3347	#FFFFFF	182
3348	#FFFFFF	262
3349	#FFFFFF	262
3350	#FFFFFF	262
3351	#FFFFFF	262
3352	#FFFFFF	262
3353	#FFFFFF	262
3354	#FFFFFF	53
3355	#FFFFFF	262
3356	#FFFFFF	262
3357	#FFFFFF	262
3358	#FFFFFF	182
3359	#FFFFFF	262
3360	#FFFFFF	262
3361	#FFFFFF	262
3362	#FFFFFF	53
3363	#FFFFFF	53
3364	#FFFFFF	32
3365	#FFFFFF	53
3366	#FFFFFF	53
3367	#FFFFFF	1698
3368	#FFFFFF	53
3369	#FFFFFF	182
3370	#FFFFFF	53
3371	#FFFFFF	53
3372	#FFFFFF	1473
3373	#FFFFFF	53
3374	#FFFFFF	32
3375	#FFFFFF	1564
3376	#FFFFFF	1564
3377	#FFFFFF	32
3378	#FFFFFF	32
3379	#FFFFFF	53
3380	#FFFFFF	53
3381	#FFFFFF	53
3382	#FFFFFF	53
3383	#FFFFFF	182
3385	#FFFFFF	74
3386	#FFFFFF	74
3387	#FFFFFF	50
3388	#FFFFFF	50
3389	#FFFFFF	50
3390	#FFFFFF	50
3391	#FFFFFF	492
3392	#FFFFFF	492
3393	#FFFFFF	492
3394	#FFFFFF	32
3395	#FFFFFF	32
3396	#FFFFFF	32
3397	#FFFFFF	74
3398	#FFFFFF	32
3399	#FFFFFF	86
3400	#FFFFFF	86
3401	#FFFFFF	86
3402	#FFFFFF	86
3403	#FFFFFF	831
3404	#FFFFFF	831
3405	#FFFFFF	831
3406	#FFFFFF	86
3407	#FFFFFF	831
3408	#FFFFFF	74
3409	#FFFFFF	86
3410	#FFFFFF	86
3411	#FFFFFF	86
3412	#FFFFFF	32
3413	#FFFFFF	86
3414	#FFFFFF	86
3415	#FFFFFF	86
3416	#FFFFFF	86
3417	#FFFFFF	86
3418	#FFFFFF	32
3419	#FFFFFF	74
3420	#FFFFFF	32
3421	#FFFFFF	32
3422	#FFFFFF	319
3423	#FFFFFF	319
3424	#FFFFFF	319
3425	#FFFFFF	319
3426	#FFFFFF	319
3427	#FFFFFF	319
3428	#FFFFFF	32
3430	#FFFFFF	50
3431	#FFFFFF	74
3432	#FFFFFF	74
3433	#FFFFFF	74
3434	#FFFFFF	74
3435	#FFFFFF	74
3436	#FFFFFF	74
3437	#FFFFFF	74
3438	#FFFFFF	50
3439	#FFFFFF	50
3440	#FFFFFF	50
3441	#FFFFFF	492
3442	#FFFFFF	492
3443	#FFFFFF	492
3444	#FFFFFF	492
3445	#FFFFFF	32
3446	#FFFFFF	32
3447	#FFFFFF	32
3448	#FFFFFF	74
3449	#FFFFFF	32
3450	#FFFFFF	86
3451	#FFFFFF	86
3452	#FFFFFF	86
3453	#FFFFFF	86
3454	#FFFFFF	831
3455	#FFFFFF	831
3456	#FFFFFF	831
3457	#FFFFFF	831
3458	#FFFFFF	86
3459	#FFFFFF	74
3460	#FFFFFF	86
3461	#FFFFFF	86
3462	#FFFFFF	86
3463	#FFFFFF	32
3464	#FFFFFF	86
3465	#FFFFFF	86
3466	#FFFFFF	86
3467	#FFFFFF	32
3468	#FFFFFF	32
3469	#FFFFFF	32
3470	#FFFFFF	50
3471	#FFFFFF	32
3472	#FFFFFF	32
3473	#FFFFFF	319
3474	#FFFFFF	319
3475	#FFFFFF	32
3476	#FFFFFF	319
3477	#FFFFFF	319
3478	#FFFFFF	32
3479	#FFFFFF	32
3480	#FFFFFF	50
3481	#FFFFFF	74
3482	#FFFFFF	74
3483	#FFFFFF	74
3484	#FFFFFF	74
3486	#FFFFFF	53
3487	#FFFFFF	182
3488	#FFFFFF	182
3489	#FFFFFF	53
3490	#FFFFFF	53
3491	#FFFFFF	53
3492	#FFFFFF	53
3493	#FFFFFF	53
3494	#FFFFFF	53
3495	#FFFFFF	53
3496	#FFFFFF	262
3497	#FFFFFF	262
3498	#FFFFFF	182
3499	#FFFFFF	262
3500	#FFFFFF	262
3501	#FFFFFF	262
3502	#FFFFFF	262
3503	#FFFFFF	262
3504	#FFFFFF	262
3505	#FFFFFF	53
3506	#FFFFFF	53
3507	#FFFFFF	262
3508	#FFFFFF	262
3509	#FFFFFF	182
3510	#FFFFFF	262
3511	#FFFFFF	262
3512	#FFFFFF	262
3513	#FFFFFF	262
3514	#FFFFFF	262
3515	#FFFFFF	53
3516	#FFFFFF	32
3517	#FFFFFF	53
3518	#FFFFFF	53
3519	#FFFFFF	1698
3520	#FFFFFF	182
3521	#FFFFFF	53
3522	#FFFFFF	32
3523	#FFFFFF	53
3524	#FFFFFF	53
3525	#FFFFFF	53
3526	#FFFFFF	32
3527	#FFFFFF	1564
3528	#FFFFFF	1564
3529	#FFFFFF	32
3531	#FFFFFF	53
3532	#FFFFFF	53
3533	#FFFFFF	53
3534	#FFFFFF	53
3535	#FFFFFF	53
3536	#FFFFFF	53
3537	#FFFFFF	182
3538	#FFFFFF	182
3539	#FFFFFF	182
3540	#FFFFFF	53
3541	#FFFFFF	53
3542	#FFFFFF	53
3543	#FFFFFF	53
3544	#FFFFFF	53
3545	#FFFFFF	53
3546	#FFFFFF	53
3547	#FFFFFF	262
3548	#FFFFFF	262
3549	#FFFFFF	182
3550	#FFFFFF	262
3551	#FFFFFF	262
3552	#FFFFFF	262
3553	#FFFFFF	262
3554	#FFFFFF	262
3555	#FFFFFF	262
3556	#FFFFFF	53
3557	#FFFFFF	53
3558	#FFFFFF	53
3559	#FFFFFF	262
3560	#FFFFFF	182
3561	#FFFFFF	262
3562	#FFFFFF	262
3563	#FFFFFF	262
3564	#FFFFFF	262
3565	#FFFFFF	53
3566	#FFFFFF	53
3567	#FFFFFF	32
3568	#FFFFFF	32
3569	#FFFFFF	53
3570	#FFFFFF	53
3571	#FFFFFF	53
3572	#FFFFFF	32
3573	#FFFFFF	32
3574	#FFFFFF	53
3575	#FFFFFF	53
3576	#FFFFFF	53
3577	#FFFFFF	32
3578	#FFFFFF	32
3579	#FFFFFF	32
3580	#FFFFFF	32
3581	#FFFFFF	53
3582	#FFFFFF	53
3583	#FFFFFF	53
3584	#FFFFFF	53
3585	#FFFFFF	182
3587	#FFFFFF	182
3588	#FFFFFF	182
3589	#FFFFFF	182
3590	#FFFFFF	53
3591	#FFFFFF	53
3592	#FFFFFF	53
3593	#FFFFFF	53
3594	#FFFFFF	53
3595	#FFFFFF	53
3596	#FFFFFF	53
3597	#FFFFFF	53
3598	#FFFFFF	262
3599	#FFFFFF	182
3600	#FFFFFF	262
3601	#FFFFFF	262
3602	#FFFFFF	262
3603	#FFFFFF	262
3604	#FFFFFF	262
3605	#FFFFFF	262
3606	#FFFFFF	53
3607	#FFFFFF	53
3608	#FFFFFF	53
3609	#FFFFFF	53
3610	#FFFFFF	182
3611	#FFFFFF	262
3612	#FFFFFF	262
3613	#FFFFFF	262
3614	#FFFFFF	262
3615	#FFFFFF	262
3616	#FFFFFF	262
3617	#FFFFFF	53
3618	#FFFFFF	32
3619	#FFFFFF	53
3620	#FFFFFF	32
3621	#FFFFFF	53
3622	#FFFFFF	53
3623	#FFFFFF	32
3624	#FFFFFF	53
3625	#FFFFFF	32
3626	#FFFFFF	53
3627	#FFFFFF	53
3628	#FFFFFF	32
3629	#FFFFFF	32
3630	#FFFFFF	32
3632	#FFFFFF	53
3633	#FFFFFF	53
3634	#FFFFFF	53
3635	#FFFFFF	53
3636	#FFFFFF	53
3637	#FFFFFF	182
3638	#FFFFFF	182
3639	#FFFFFF	182
3640	#FFFFFF	182
3641	#FFFFFF	53
3642	#FFFFFF	53
3643	#FFFFFF	53
3644	#FFFFFF	53
3645	#FFFFFF	53
3646	#FFFFFF	53
3647	#FFFFFF	53
3648	#FFFFFF	262
3649	#FFFFFF	262
3650	#FFFFFF	182
3651	#FFFFFF	262
3652	#FFFFFF	262
3653	#FFFFFF	262
3654	#FFFFFF	53
3655	#FFFFFF	262
3656	#FFFFFF	53
3657	#FFFFFF	53
3658	#FFFFFF	53
3659	#FFFFFF	53
3660	#FFFFFF	262
3661	#FFFFFF	182
3662	#FFFFFF	53
3663	#FFFFFF	262
3664	#FFFFFF	53
3665	#FFFFFF	262
3666	#FFFFFF	262
3667	#FFFFFF	53
3668	#FFFFFF	53
3669	#FFFFFF	32
3670	#FFFFFF	32
3671	#FFFFFF	53
3672	#FFFFFF	53
3673	#FFFFFF	32
3674	#FFFFFF	32
3675	#FFFFFF	53
3676	#FFFFFF	32
3677	#FFFFFF	53
3678	#FFFFFF	32
3679	#FFFFFF	32
3680	#FFFFFF	32
3681	#FFFFFF	32
3682	#FFFFFF	53
3683	#FFFFFF	53
3684	#FFFFFF	53
3685	#FFFFFF	53
3686	#FFFFFF	182
3688	#FFFFFF	182
3689	#FFFFFF	182
3690	#FFFFFF	182
3691	#FFFFFF	53
3692	#FFFFFF	53
3693	#FFFFFF	53
3694	#FFFFFF	53
3695	#FFFFFF	53
3696	#FFFFFF	53
3697	#FFFFFF	53
3698	#FFFFFF	53
3699	#FFFFFF	262
3700	#FFFFFF	182
3701	#FFFFFF	53
3702	#FFFFFF	262
3703	#FFFFFF	262
3704	#FFFFFF	53
3705	#FFFFFF	262
3706	#FFFFFF	262
3707	#FFFFFF	53
3708	#FFFFFF	53
3709	#FFFFFF	53
3710	#FFFFFF	53
3711	#FFFFFF	53
3712	#FFFFFF	53
3713	#FFFFFF	53
3714	#FFFFFF	53
3715	#FFFFFF	53
3716	#FFFFFF	53
3717	#FFFFFF	53
3718	#FFFFFF	53
3719	#FFFFFF	32
3720	#FFFFFF	32
3721	#FFFFFF	53
3722	#FFFFFF	53
3723	#FFFFFF	32
3724	#FFFFFF	53
3725	#FFFFFF	32
3726	#FFFFFF	32
3727	#FFFFFF	32
3728	#FFFFFF	32
3729	#FFFFFF	32
3730	#FFFFFF	32
3731	#FFFFFF	32
3733	#FFFFFF	53
3734	#FFFFFF	53
3735	#FFFFFF	53
3736	#FFFFFF	53
3737	#FFFFFF	53
3738	#FFFFFF	182
3739	#FFFFFF	182
3740	#FFFFFF	182
3741	#FFFFFF	182
3742	#FFFFFF	182
3743	#FFFFFF	182
3744	#FFFFFF	182
3745	#FFFFFF	53
3746	#FFFFFF	53
3747	#FFFFFF	53
3748	#FFFFFF	53
3749	#FFFFFF	53
3750	#FFFFFF	262
3751	#FFFFFF	182
3752	#FFFFFF	53
3753	#FFFFFF	262
3754	#FFFFFF	53
3755	#FFFFFF	262
3756	#FFFFFF	262
3757	#FFFFFF	53
3758	#FFFFFF	53
3759	#FFFFFF	53
3760	#FFFFFF	53
3761	#FFFFFF	53
3762	#FFFFFF	53
3763	#FFFFFF	53
3764	#FFFFFF	53
3765	#FFFFFF	53
3766	#FFFFFF	53
3767	#FFFFFF	53
3768	#FFFFFF	53
3769	#FFFFFF	32
3770	#FFFFFF	32
3771	#FFFFFF	53
3772	#FFFFFF	32
3773	#FFFFFF	53
3774	#FFFFFF	53
3775	#FFFFFF	53
3776	#FFFFFF	32
3777	#FFFFFF	32
3778	#FFFFFF	32
3779	#FFFFFF	32
3780	#FFFFFF	32
3781	#FFFFFF	32
3782	#FFFFFF	32
3783	#FFFFFF	53
3784	#FFFFFF	53
3785	#FFFFFF	53
3786	#FFFFFF	53
3787	#FFFFFF	53
3789	#FFFFFF	182
3790	#FFFFFF	182
3791	#FFFFFF	182
3792	#FFFFFF	182
3793	#FFFFFF	182
3794	#FFFFFF	182
3795	#FFFFFF	182
3796	#FFFFFF	182
3797	#FFFFFF	53
3798	#FFFFFF	53
3799	#FFFFFF	53
3800	#FFFFFF	53
3801	#FFFFFF	182
3802	#FFFFFF	262
3803	#FFFFFF	53
3804	#FFFFFF	53
3805	#FFFFFF	53
3806	#FFFFFF	53
3807	#FFFFFF	262
3808	#FFFFFF	53
3809	#FFFFFF	53
3810	#FFFFFF	53
3811	#FFFFFF	53
3812	#FFFFFF	182
3813	#FFFFFF	53
3814	#FFFFFF	53
3815	#FFFFFF	53
3816	#FFFFFF	53
3817	#FFFFFF	53
3818	#FFFFFF	53
3819	#FFFFFF	53
3820	#FFFFFF	53
3821	#FFFFFF	32
3822	#FFFFFF	32
3823	#FFFFFF	182
3824	#FFFFFF	53
3825	#FFFFFF	32
3826	#FFFFFF	32
3827	#FFFFFF	53
3828	#FFFFFF	53
3829	#FFFFFF	32
3830	#FFFFFF	32
3831	#FFFFFF	32
3832	#FFFFFF	32
3834	#FFFFFF	182
3835	#FFFFFF	53
3836	#FFFFFF	53
3837	#FFFFFF	53
3838	#FFFFFF	53
3839	#FFFFFF	50
3840	#FFFFFF	182
3841	#FFFFFF	182
3842	#FFFFFF	182
3843	#FFFFFF	182
3844	#FFFFFF	182
3845	#FFFFFF	182
3846	#FFFFFF	182
3847	#FFFFFF	53
3848	#FFFFFF	53
3849	#FFFFFF	53
3850	#FFFFFF	262
3851	#FFFFFF	262
3852	#FFFFFF	182
3853	#FFFFFF	53
3854	#FFFFFF	53
3855	#FFFFFF	53
3856	#FFFFFF	53
3857	#FFFFFF	53
3858	#FFFFFF	53
3859	#FFFFFF	53
3860	#FFFFFF	53
3861	#FFFFFF	53
3862	#FFFFFF	53
3863	#FFFFFF	182
3864	#FFFFFF	53
3865	#FFFFFF	53
3866	#FFFFFF	53
3867	#FFFFFF	53
3868	#FFFFFF	53
3869	#FFFFFF	53
3870	#FFFFFF	53
3871	#FFFFFF	53
3872	#FFFFFF	32
3873	#FFFFFF	53
3874	#FFFFFF	182
3875	#FFFFFF	53
3876	#FFFFFF	32
3877	#FFFFFF	53
3878	#FFFFFF	53
3879	#FFFFFF	53
3880	#FFFFFF	32
3881	#FFFFFF	32
3882	#FFFFFF	32
3883	#FFFFFF	32
3884	#FFFFFF	53
3885	#FFFFFF	53
3886	#FFFFFF	53
3887	#FFFFFF	53
3888	#FFFFFF	182
3890	#FFFFFF	182
3891	#FFFFFF	50
3892	#FFFFFF	53
3893	#FFFFFF	182
3894	#FFFFFF	182
3895	#FFFFFF	182
3896	#FFFFFF	53
3897	#FFFFFF	53
3898	#FFFFFF	53
3899	#FFFFFF	53
3900	#FFFFFF	53
3901	#FFFFFF	262
3902	#FFFFFF	182
3903	#FFFFFF	262
3904	#FFFFFF	53
3905	#FFFFFF	53
3906	#FFFFFF	53
3907	#FFFFFF	53
3908	#FFFFFF	53
3909	#FFFFFF	53
3910	#FFFFFF	53
3911	#FFFFFF	53
3912	#FFFFFF	53
3913	#FFFFFF	182
3914	#FFFFFF	53
3915	#FFFFFF	53
3916	#FFFFFF	53
3917	#FFFFFF	53
3918	#FFFFFF	53
3919	#FFFFFF	53
3920	#FFFFFF	53
3921	#FFFFFF	53
3922	#FFFFFF	32
3923	#FFFFFF	53
3924	#FFFFFF	182
3925	#FFFFFF	53
3926	#FFFFFF	53
3927	#FFFFFF	32
3928	#FFFFFF	53
3929	#FFFFFF	53
3930	#FFFFFF	53
3931	#FFFFFF	32
3932	#FFFFFF	32
3933	#FFFFFF	32
3935	#FFFFFF	53
3936	#FFFFFF	182
3937	#FFFFFF	53
3938	#FFFFFF	53
3939	#FFFFFF	53
3940	#FFFFFF	50
3941	#FFFFFF	50
3942	#FFFFFF	182
3943	#FFFFFF	182
3944	#FFFFFF	182
3945	#FFFFFF	182
3946	#FFFFFF	53
3947	#FFFFFF	53
3948	#FFFFFF	53
3949	#FFFFFF	53
3950	#FFFFFF	24
3951	#FFFFFF	53
3952	#FFFFFF	262
3953	#FFFFFF	182
3954	#FFFFFF	53
3955	#FFFFFF	53
3956	#FFFFFF	53
3957	#FFFFFF	53
3958	#FFFFFF	53
3959	#FFFFFF	53
3960	#FFFFFF	53
3961	#FFFFFF	53
3962	#FFFFFF	53
3963	#FFFFFF	53
3964	#FFFFFF	182
3965	#FFFFFF	53
3966	#FFFFFF	53
3967	#FFFFFF	53
3968	#FFFFFF	53
3969	#FFFFFF	53
3970	#FFFFFF	53
3971	#FFFFFF	53
3972	#FFFFFF	53
3973	#FFFFFF	53
3974	#FFFFFF	53
3975	#FFFFFF	182
3976	#FFFFFF	53
3977	#FFFFFF	32
3978	#FFFFFF	53
3979	#FFFFFF	53
3980	#FFFFFF	53
3981	#FFFFFF	32
3982	#FFFFFF	32
3983	#FFFFFF	32
3984	#FFFFFF	53
3985	#FFFFFF	182
3986	#FFFFFF	182
3987	#FFFFFF	53
3988	#FFFFFF	53
3989	#FFFFFF	53
3991	#FFFFFF	50
3992	#FFFFFF	182
3993	#FFFFFF	182
3994	#FFFFFF	182
3995	#FFFFFF	182
3996	#FFFFFF	53
3997	#FFFFFF	53
3998	#FFFFFF	53
3999	#FFFFFF	24
4000	#FFFFFF	24
4001	#FFFFFF	53
4002	#FFFFFF	53
4003	#FFFFFF	182
4004	#FFFFFF	53
4005	#FFFFFF	53
4006	#FFFFFF	53
4007	#FFFFFF	53
4008	#FFFFFF	53
4009	#FFFFFF	53
4010	#FFFFFF	53
4011	#FFFFFF	53
4012	#FFFFFF	53
4013	#FFFFFF	53
4014	#FFFFFF	182
4015	#FFFFFF	53
4016	#FFFFFF	53
4017	#FFFFFF	53
4018	#FFFFFF	53
4019	#FFFFFF	53
4020	#FFFFFF	53
4021	#FFFFFF	53
4022	#FFFFFF	53
4023	#FFFFFF	53
4024	#FFFFFF	53
4025	#FFFFFF	53
4026	#FFFFFF	53
4027	#FFFFFF	32
4028	#FFFFFF	53
4029	#FFFFFF	53
4030	#FFFFFF	53
4031	#FFFFFF	53
4032	#FFFFFF	32
4033	#FFFFFF	32
4034	#FFFFFF	53
4036	#FFFFFF	182
4037	#FFFFFF	182
4038	#FFFFFF	53
4039	#FFFFFF	53
4040	#FFFFFF	53
4042	#FFFFFF	74
4043	#FFFFFF	74
4044	#FFFFFF	50
4045	#FFFFFF	50
4046	#FFFFFF	50
4047	#FFFFFF	50
4048	#FFFFFF	492
4049	#FFFFFF	492
4050	#FFFFFF	492
4051	#FFFFFF	492
4052	#FFFFFF	32
4053	#FFFFFF	32
4054	#FFFFFF	74
4055	#FFFFFF	32
4056	#FFFFFF	32
4057	#FFFFFF	86
4058	#FFFFFF	86
4059	#FFFFFF	86
4060	#FFFFFF	831
4061	#FFFFFF	831
4062	#FFFFFF	831
4063	#FFFFFF	831
4064	#FFFFFF	831
4065	#FFFFFF	74
4066	#FFFFFF	86
4067	#FFFFFF	86
4068	#FFFFFF	86
4069	#FFFFFF	86
4070	#FFFFFF	86
4071	#FFFFFF	86
4072	#FFFFFF	86
4073	#FFFFFF	32
4074	#FFFFFF	32
4075	#FFFFFF	32
4076	#FFFFFF	74
4077	#FFFFFF	32
4078	#FFFFFF	32
4079	#FFFFFF	319
4080	#FFFFFF	319
4081	#FFFFFF	32
4082	#FFFFFF	32
4083	#FFFFFF	32
4084	#FFFFFF	32
4085	#FFFFFF	32
4087	#FFFFFF	50
4088	#FFFFFF	74
4089	#FFFFFF	74
4090	#FFFFFF	74
4091	#FFFFFF	74
4092	#FFFFFF	74
4093	#FFFFFF	74
4094	#FFFFFF	74
4095	#FFFFFF	50
4096	#FFFFFF	74
4097	#FFFFFF	50
4098	#FFFFFF	492
4099	#FFFFFF	50
4100	#FFFFFF	492
4101	#FFFFFF	492
4102	#FFFFFF	709
4103	#FFFFFF	32
4104	#FFFFFF	32
4105	#FFFFFF	74
4106	#FFFFFF	32
4107	#FFFFFF	32
4108	#FFFFFF	86
4109	#FFFFFF	86
4110	#FFFFFF	86
4111	#FFFFFF	831
4112	#FFFFFF	831
4113	#FFFFFF	831
4114	#FFFFFF	86
4115	#FFFFFF	86
4116	#FFFFFF	74
4117	#FFFFFF	86
4118	#FFFFFF	86
4119	#FFFFFF	86
4120	#FFFFFF	86
4121	#FFFFFF	32
4122	#FFFFFF	32
4123	#FFFFFF	86
4124	#FFFFFF	32
4125	#FFFFFF	32
4126	#FFFFFF	32
4127	#FFFFFF	50
4128	#FFFFFF	32
4129	#FFFFFF	319
4130	#FFFFFF	319
4131	#FFFFFF	32
4132	#FFFFFF	32
4133	#FFFFFF	32
4134	#FFFFFF	32
4135	#FFFFFF	32
4136	#FFFFFF	32
4137	#FFFFFF	74
4138	#FFFFFF	74
4139	#FFFFFF	74
4140	#FFFFFF	74
4141	#FFFFFF	74
4143	#FFFFFF	74
4144	#FFFFFF	74
4145	#FFFFFF	74
4146	#FFFFFF	74
4147	#FFFFFF	74
4148	#FFFFFF	50
4149	#FFFFFF	50
4150	#FFFFFF	50
4151	#FFFFFF	492
4153	#FFFFFF	709
4154	#FFFFFF	32
4155	#FFFFFF	74
4156	#FFFFFF	32
4157	#FFFFFF	32
4158	#FFFFFF	32
4159	#FFFFFF	86
4160	#FFFFFF	86
4161	#FFFFFF	86
4162	#FFFFFF	86
4163	#FFFFFF	831
4164	#FFFFFF	831
4165	#FFFFFF	86
4166	#FFFFFF	74
4167	#FFFFFF	86
4168	#FFFFFF	86
4169	#FFFFFF	86
4170	#FFFFFF	86
4171	#FFFFFF	86
4172	#FFFFFF	32
4173	#FFFFFF	86
4174	#FFFFFF	32
4175	#FFFFFF	32
4176	#FFFFFF	32
4177	#FFFFFF	74
4178	#FFFFFF	32
4179	#FFFFFF	319
4180	#FFFFFF	319
4181	#FFFFFF	32
4182	#FFFFFF	32
4183	#FFFFFF	32
4184	#FFFFFF	32
4185	#FFFFFF	32
4186	#FFFFFF	32
4188	#FFFFFF	74
4189	#FFFFFF	74
4190	#FFFFFF	74
4191	#FFFFFF	74
4192	#FFFFFF	74
4193	#FFFFFF	74
4194	#FFFFFF	74
4195	#FFFFFF	74
4196	#FFFFFF	74
4197	#FFFFFF	74
4198	#FFFFFF	74
4199	#FFFFFF	50
4200	#FFFFFF	50
4201	#FFFFFF	492
4203	#FFFFFF	709
4204	#FFFFFF	32
4205	#FFFFFF	547
4206	#FFFFFF	74
4207	#FFFFFF	32
4208	#FFFFFF	32
4209	#FFFFFF	32
4210	#FFFFFF	86
4211	#FFFFFF	32
4212	#FFFFFF	86
4213	#FFFFFF	86
4214	#FFFFFF	1227
4215	#FFFFFF	1227
4216	#FFFFFF	32
4217	#FFFFFF	74
4218	#FFFFFF	32
4219	#FFFFFF	86
4220	#FFFFFF	32
4221	#FFFFFF	86
4222	#FFFFFF	86
4223	#FFFFFF	32
4224	#FFFFFF	86
4225	#FFFFFF	32
4226	#FFFFFF	32
4227	#FFFFFF	32
4228	#FFFFFF	74
4229	#FFFFFF	32
4230	#FFFFFF	319
4231	#FFFFFF	32
4232	#FFFFFF	32
4233	#FFFFFF	32
4234	#FFFFFF	32
4235	#FFFFFF	32
4236	#FFFFFF	585
4237	#FFFFFF	32
4238	#FFFFFF	211
4239	#FFFFFF	74
4240	#FFFFFF	74
4241	#FFFFFF	74
4242	#FFFFFF	74
4244	#FFFFFF	74
4245	#FFFFFF	74
4246	#FFFFFF	74
4247	#FFFFFF	50
4248	#FFFFFF	74
4249	#FFFFFF	50
4250	#FFFFFF	50
4251	#FFFFFF	492
4252	#FFFFFF	492
4253	#FFFFFF	492
4254	#FFFFFF	32
4255	#FFFFFF	547
4256	#FFFFFF	74
4257	#FFFFFF	32
4258	#FFFFFF	32
4259	#FFFFFF	32
4260	#FFFFFF	32
4261	#FFFFFF	32
4262	#FFFFFF	86
4263	#FFFFFF	86
4264	#FFFFFF	86
4265	#FFFFFF	1227
4266	#FFFFFF	1227
4267	#FFFFFF	74
4268	#FFFFFF	32
4269	#FFFFFF	32
4270	#FFFFFF	86
4271	#FFFFFF	32
4272	#FFFFFF	32
4273	#FFFFFF	32
4274	#FFFFFF	32
4275	#FFFFFF	86
4276	#FFFFFF	32
4277	#FFFFFF	32
4278	#FFFFFF	74
4279	#FFFFFF	32
4280	#FFFFFF	319
4281	#FFFFFF	32
4282	#FFFFFF	585
4283	#FFFFFF	585
4284	#FFFFFF	585
4285	#FFFFFF	585
4286	#FFFFFF	585
4287	#FFFFFF	32
4289	#FFFFFF	74
4290	#FFFFFF	211
4291	#FFFFFF	74
4292	#FFFFFF	74
4293	#FFFFFF	74
4294	#FFFFFF	74
4295	#FFFFFF	74
4296	#FFFFFF	74
4297	#FFFFFF	50
4298	#FFFFFF	50
4299	#FFFFFF	50
4300	#FFFFFF	50
4301	#FFFFFF	492
4302	#FFFFFF	492
4303	#FFFFFF	492
4304	#FFFFFF	492
4305	#FFFFFF	547
4306	#FFFFFF	32
4307	#FFFFFF	74
4308	#FFFFFF	32
4309	#FFFFFF	32
4310	#FFFFFF	32
4311	#FFFFFF	32
4312	#FFFFFF	86
4313	#FFFFFF	86
4314	#FFFFFF	86
4315	#FFFFFF	1227
4316	#FFFFFF	86
4317	#FFFFFF	1227
4318	#FFFFFF	74
4319	#FFFFFF	32
4320	#FFFFFF	32
4321	#FFFFFF	32
4322	#FFFFFF	32
4323	#FFFFFF	32
4324	#FFFFFF	32
4325	#FFFFFF	86
4326	#FFFFFF	86
4327	#FFFFFF	32
4328	#FFFFFF	32
4329	#FFFFFF	74
4330	#FFFFFF	32
4331	#FFFFFF	32
4332	#FFFFFF	32
4333	#FFFFFF	585
4334	#FFFFFF	585
4335	#FFFFFF	585
4336	#FFFFFF	585
4337	#FFFFFF	32
4338	#FFFFFF	32
4339	#FFFFFF	74
4340	#FFFFFF	211
4341	#FFFFFF	74
4342	#FFFFFF	50
4343	#FFFFFF	50
4345	#FFFFFF	74
4346	#FFFFFF	74
4347	#FFFFFF	50
4348	#FFFFFF	50
4349	#FFFFFF	50
4350	#FFFFFF	50
4351	#FFFFFF	50
4352	#FFFFFF	492
4353	#FFFFFF	492
4354	#FFFFFF	492
4355	#FFFFFF	32
4356	#FFFFFF	547
4357	#FFFFFF	74
4359	#FFFFFF	32
4360	#FFFFFF	32
4361	#FFFFFF	32
4362	#FFFFFF	32
4363	#FFFFFF	86
4364	#FFFFFF	86
4365	#FFFFFF	86
4366	#FFFFFF	86
4367	#FFFFFF	1227
4368	#FFFFFF	74
4369	#FFFFFF	32
4370	#FFFFFF	32
4371	#FFFFFF	32
4372	#FFFFFF	32
4373	#FFFFFF	32
4374	#FFFFFF	32
4375	#FFFFFF	32
4376	#FFFFFF	32
4377	#FFFFFF	32
4378	#FFFFFF	32
4379	#FFFFFF	74
4380	#FFFFFF	32
4381	#FFFFFF	32
4382	#FFFFFF	32
4383	#FFFFFF	585
4384	#FFFFFF	585
4385	#FFFFFF	585
4386	#FFFFFF	32
4387	#FFFFFF	32
4388	#FFFFFF	32
4390	#FFFFFF	74
4391	#FFFFFF	211
4392	#FFFFFF	211
4393	#FFFFFF	74
4394	#FFFFFF	50
4395	#FFFFFF	74
4396	#FFFFFF	74
4397	#FFFFFF	74
4398	#FFFFFF	50
4399	#FFFFFF	50
4400	#FFFFFF	50
4401	#FFFFFF	50
4402	#FFFFFF	492
4403	#FFFFFF	50
4404	#FFFFFF	50
4405	#FFFFFF	32
4406	#FFFFFF	32
4407	#FFFFFF	547
4408	#FFFFFF	74
4409	#FFFFFF	32
4410	#FFFFFF	32
4411	#FFFFFF	32
4412	#FFFFFF	32
4413	#FFFFFF	86
4414	#FFFFFF	86
4415	#FFFFFF	86
4416	#FFFFFF	86
4417	#FFFFFF	86
4418	#FFFFFF	32
4419	#FFFFFF	74
4420	#FFFFFF	32
4421	#FFFFFF	32
4422	#FFFFFF	32
4423	#FFFFFF	32
4424	#FFFFFF	32
4425	#FFFFFF	32
4426	#FFFFFF	32
4427	#FFFFFF	32
4428	#FFFFFF	585
4429	#FFFFFF	32
4430	#FFFFFF	74
4431	#FFFFFF	32
4432	#FFFFFF	585
4433	#FFFFFF	585
4434	#FFFFFF	32
4435	#FFFFFF	585
4436	#FFFFFF	585
4437	#FFFFFF	32
4438	#FFFFFF	32
4439	#FFFFFF	32
4440	#FFFFFF	211
4441	#FFFFFF	211
4442	#FFFFFF	74
4443	#FFFFFF	50
4444	#FFFFFF	50
4446	#FFFFFF	74
4447	#FFFFFF	74
4448	#FFFFFF	50
4449	#FFFFFF	50
4450	#FFFFFF	50
4451	#FFFFFF	50
4452	#FFFFFF	50
4453	#FFFFFF	50
4454	#FFFFFF	50
4455	#FFFFFF	32
4456	#FFFFFF	32
4457	#FFFFFF	32
4458	#FFFFFF	74
4459	#FFFFFF	32
4460	#FFFFFF	32
4461	#FFFFFF	32
4462	#FFFFFF	86
4463	#FFFFFF	32
4464	#FFFFFF	86
4465	#FFFFFF	86
4466	#FFFFFF	86
4467	#FFFFFF	86
4468	#FFFFFF	86
4469	#FFFFFF	74
4470	#FFFFFF	86
4471	#FFFFFF	32
4472	#FFFFFF	32
4473	#FFFFFF	32
4474	#FFFFFF	32
4475	#FFFFFF	32
4476	#FFFFFF	585
4477	#FFFFFF	585
4478	#FFFFFF	585
4479	#FFFFFF	32
4480	#FFFFFF	74
4481	#FFFFFF	32
4482	#FFFFFF	32
4483	#FFFFFF	585
4484	#FFFFFF	32
4485	#FFFFFF	32
4486	#FFFFFF	585
4487	#FFFFFF	585
4488	#FFFFFF	32
4489	#FFFFFF	32
4491	#FFFFFF	74
4492	#FFFFFF	211
4493	#FFFFFF	211
4494	#FFFFFF	74
4495	#FFFFFF	74
4496	#FFFFFF	211
4497	#FFFFFF	211
4498	#FFFFFF	74
4499	#FFFFFF	50
4500	#FFFFFF	50
4501	#FFFFFF	50
4502	#FFFFFF	50
4503	#FFFFFF	50
4504	#FFFFFF	50
4505	#FFFFFF	50
4506	#FFFFFF	32
4507	#FFFFFF	32
4508	#FFFFFF	32
4509	#FFFFFF	74
4510	#FFFFFF	32
4511	#FFFFFF	32
4512	#FFFFFF	32
4513	#FFFFFF	86
4514	#FFFFFF	32
4515	#FFFFFF	86
4516	#FFFFFF	86
4517	#FFFFFF	86
4518	#FFFFFF	86
4519	#FFFFFF	86
4520	#FFFFFF	74
4521	#FFFFFF	86
4522	#FFFFFF	32
4523	#FFFFFF	32
4524	#FFFFFF	32
4525	#FFFFFF	32
4526	#FFFFFF	32
4527	#FFFFFF	585
4528	#FFFFFF	585
4529	#FFFFFF	585
4530	#FFFFFF	32
4531	#FFFFFF	74
4532	#FFFFFF	585
4533	#FFFFFF	585
4534	#FFFFFF	32
4535	#FFFFFF	32
4536	#FFFFFF	585
4537	#FFFFFF	32
4538	#FFFFFF	585
4539	#FFFFFF	32
4540	#FFFFFF	32
4541	#FFFFFF	211
4542	#FFFFFF	211
4543	#FFFFFF	74
4544	#FFFFFF	74
4545	#FFFFFF	50
4547	#FFFFFF	707
4548	#FFFFFF	707
4549	#FFFFFF	50
4550	#FFFFFF	50
4551	#FFFFFF	50
4552	#FFFFFF	50
4553	#FFFFFF	32
4554	#FFFFFF	32
4555	#FFFFFF	32
4556	#FFFFFF	32
4557	#FFFFFF	1088
4558	#FFFFFF	1088
4559	#FFFFFF	199
4560	#FFFFFF	1088
4561	#FFFFFF	32
4562	#FFFFFF	901
4563	#FFFFFF	86
4564	#FFFFFF	86
4565	#FFFFFF	551
4566	#FFFFFF	86
4567	#FFFFFF	551
4568	#FFFFFF	551
4569	#FFFFFF	86
4570	#FFFFFF	199
4571	#FFFFFF	86
4572	#FFFFFF	32
4573	#FFFFFF	86
4574	#FFFFFF	86
4575	#FFFFFF	86
4576	#FFFFFF	86
4577	#FFFFFF	86
4578	#FFFFFF	86
4579	#FFFFFF	32
4580	#FFFFFF	32
4581	#FFFFFF	199
4582	#FFFFFF	319
4583	#FFFFFF	319
4584	#FFFFFF	319
4585	#FFFFFF	32
4586	#FFFFFF	32
4587	#FFFFFF	32
4588	#FFFFFF	32
4589	#FFFFFF	32
4590	#FFFFFF	32
4592	#FFFFFF	199
4593	#FFFFFF	50
4594	#FFFFFF	50
4595	#FFFFFF	50
4596	#FFFFFF	50
4597	#FFFFFF	707
4598	#FFFFFF	707
4599	#FFFFFF	707
4600	#FFFFFF	50
4601	#FFFFFF	50
4602	#FFFFFF	50
4603	#FFFFFF	32
4604	#FFFFFF	32
4605	#FFFFFF	32
4606	#FFFFFF	937
4607	#FFFFFF	32
4608	#FFFFFF	1088
4610	#FFFFFF	199
4611	#FFFFFF	32
4612	#FFFFFF	32
4613	#FFFFFF	86
4614	#FFFFFF	86
4615	#FFFFFF	551
4616	#FFFFFF	551
4617	#FFFFFF	551
4618	#FFFFFF	551
4619	#FFFFFF	551
4620	#FFFFFF	86
4621	#FFFFFF	199
4622	#FFFFFF	32
4623	#FFFFFF	86
4624	#FFFFFF	86
4625	#FFFFFF	86
4626	#FFFFFF	86
4627	#FFFFFF	86
4628	#FFFFFF	86
4629	#FFFFFF	86
4630	#FFFFFF	32
4631	#FFFFFF	319
4632	#FFFFFF	199
4633	#FFFFFF	32
4634	#FFFFFF	319
4635	#FFFFFF	32
4636	#FFFFFF	44
4637	#FFFFFF	32
4638	#FFFFFF	32
4639	#FFFFFF	32
4640	#FFFFFF	32
4641	#FFFFFF	32
4642	#FFFFFF	50
4643	#FFFFFF	50
4644	#FFFFFF	50
4645	#FFFFFF	50
4646	#FFFFFF	50
4648	#FFFFFF	707
4649	#FFFFFF	707
4650	#FFFFFF	50
4651	#FFFFFF	50
4652	#FFFFFF	50
4653	#FFFFFF	50
4654	#FFFFFF	50
4655	#FFFFFF	32
4656	#FFFFFF	32
4657	#FFFFFF	937
4658	#FFFFFF	32
4659	#FFFFFF	1088
4660	#FFFFFF	199
4661	#FFFFFF	32
4662	#FFFFFF	32
4663	#FFFFFF	32
4664	#FFFFFF	86
4665	#FFFFFF	86
4666	#FFFFFF	86
4667	#FFFFFF	551
4668	#FFFFFF	86
4669	#FFFFFF	551
4670	#FFFFFF	551
4671	#FFFFFF	199
4672	#FFFFFF	86
4673	#FFFFFF	86
4674	#FFFFFF	86
4675	#FFFFFF	86
4676	#FFFFFF	86
4677	#FFFFFF	86
4678	#FFFFFF	86
4679	#FFFFFF	86
4680	#FFFFFF	32
4681	#FFFFFF	319
4682	#FFFFFF	50
4683	#FFFFFF	319
4684	#FFFFFF	32
4685	#FFFFFF	32
4686	#FFFFFF	44
4687	#FFFFFF	44
4688	#FFFFFF	32
4689	#FFFFFF	32
4690	#FFFFFF	32
4691	#FFFFFF	32
4693	#FFFFFF	50
4694	#FFFFFF	50
4695	#FFFFFF	50
4696	#FFFFFF	50
4697	#FFFFFF	50
4698	#FFFFFF	707
4699	#FFFFFF	707
4700	#FFFFFF	707
4701	#FFFFFF	50
4702	#FFFFFF	50
4703	#FFFFFF	50
4704	#FFFFFF	50
4705	#FFFFFF	50
4706	#FFFFFF	32
4707	#FFFFFF	32
4708	#FFFFFF	937
4709	#FFFFFF	32
4711	#FFFFFF	199
4712	#FFFFFF	32
4713	#FFFFFF	32
4714	#FFFFFF	86
4715	#FFFFFF	86
4716	#FFFFFF	86
4717	#FFFFFF	551
4718	#FFFFFF	86
4719	#FFFFFF	86
4720	#FFFFFF	86
4721	#FFFFFF	86
4722	#FFFFFF	50
4723	#FFFFFF	86
4724	#FFFFFF	86
4725	#FFFFFF	86
4726	#FFFFFF	86
4727	#FFFFFF	86
4728	#FFFFFF	821
4729	#FFFFFF	86
4730	#FFFFFF	32
4731	#FFFFFF	446
4732	#FFFFFF	319
4733	#FFFFFF	50
4734	#FFFFFF	32
4735	#FFFFFF	32
4736	#FFFFFF	32
4737	#FFFFFF	44
4738	#FFFFFF	32
4739	#FFFFFF	32
4740	#FFFFFF	44
4741	#FFFFFF	32
4742	#FFFFFF	44
4743	#FFFFFF	50
4744	#FFFFFF	50
4745	#FFFFFF	50
4746	#FFFFFF	50
4747	#FFFFFF	50
4749	#FFFFFF	707
4750	#FFFFFF	707
4751	#FFFFFF	50
4752	#FFFFFF	50
4753	#FFFFFF	50
4754	#FFFFFF	50
4755	#FFFFFF	50
4756	#FFFFFF	32
4757	#FFFFFF	32
4758	#FFFFFF	32
4759	#FFFFFF	937
4760	#FFFFFF	32
4761	#FFFFFF	707
4762	#FFFFFF	32
4763	#FFFFFF	32
4764	#FFFFFF	86
4765	#FFFFFF	86
4766	#FFFFFF	86
4767	#FFFFFF	551
4768	#FFFFFF	86
4769	#FFFFFF	86
4770	#FFFFFF	86
4771	#FFFFFF	86
4772	#FFFFFF	199
4773	#FFFFFF	86
4774	#FFFFFF	86
4775	#FFFFFF	86
4776	#FFFFFF	86
4777	#FFFFFF	86
4778	#FFFFFF	821
4779	#FFFFFF	821
4780	#FFFFFF	821
4781	#FFFFFF	32
4782	#FFFFFF	446
4783	#FFFFFF	50
4784	#FFFFFF	32
4785	#FFFFFF	32
4786	#FFFFFF	32
4787	#FFFFFF	44
4788	#FFFFFF	32
4789	#FFFFFF	44
4790	#FFFFFF	32
4791	#FFFFFF	44
4792	#FFFFFF	44
4794	#FFFFFF	50
4795	#FFFFFF	50
4796	#FFFFFF	50
4797	#FFFFFF	50
4798	#FFFFFF	50
4799	#FFFFFF	707
4800	#FFFFFF	707
4801	#FFFFFF	199
4802	#FFFFFF	32
4803	#FFFFFF	32
4804	#FFFFFF	50
4805	#FFFFFF	50
4806	#FFFFFF	50
4807	#FFFFFF	50
4808	#FFFFFF	32
4809	#FFFFFF	32
4810	#FFFFFF	937
4811	#FFFFFF	32
4812	#FFFFFF	199
4813	#FFFFFF	32
4814	#FFFFFF	32
4815	#FFFFFF	86
4816	#FFFFFF	86
4818	#FFFFFF	86
4819	#FFFFFF	86
4820	#FFFFFF	86
4821	#FFFFFF	86
4822	#FFFFFF	86
4823	#FFFFFF	50
4824	#FFFFFF	86
4825	#FFFFFF	270
4826	#FFFFFF	86
4827	#FFFFFF	86
4828	#FFFFFF	86
4829	#FFFFFF	821
4830	#FFFFFF	821
4831	#FFFFFF	821
4832	#FFFFFF	32
4833	#FFFFFF	446
4834	#FFFFFF	50
4835	#FFFFFF	32
4836	#FFFFFF	32
4837	#FFFFFF	32
4838	#FFFFFF	44
4839	#FFFFFF	44
4840	#FFFFFF	32
4841	#FFFFFF	32
4842	#FFFFFF	44
4843	#FFFFFF	44
4844	#FFFFFF	50
4845	#FFFFFF	50
4846	#FFFFFF	50
4847	#FFFFFF	50
4848	#FFFFFF	32
4850	#FFFFFF	707
4851	#FFFFFF	199
4852	#FFFFFF	32
4853	#FFFFFF	32
4854	#FFFFFF	50
4855	#FFFFFF	50
4856	#FFFFFF	50
4857	#FFFFFF	50
4858	#FFFFFF	50
4860	#FFFFFF	32
4861	#FFFFFF	937
4862	#FFFFFF	199
4863	#FFFFFF	32
4864	#FFFFFF	32
4865	#FFFFFF	32
4866	#FFFFFF	32
4867	#FFFFFF	86
4868	#FFFFFF	1663
4869	#FFFFFF	86
4870	#FFFFFF	86
4871	#FFFFFF	86
4872	#FFFFFF	86
4873	#FFFFFF	50
4874	#FFFFFF	86
4875	#FFFFFF	270
4876	#FFFFFF	270
4877	#FFFFFF	86
4878	#FFFFFF	86
4879	#FFFFFF	86
4880	#FFFFFF	821
4881	#FFFFFF	86
4882	#FFFFFF	32
4883	#FFFFFF	32
4884	#FFFFFF	50
4885	#FFFFFF	32
4886	#FFFFFF	32
4887	#FFFFFF	32
4888	#FFFFFF	44
4889	#FFFFFF	44
4890	#FFFFFF	32
4891	#FFFFFF	32
4892	#FFFFFF	32
4893	#FFFFFF	44
4895	#FFFFFF	50
4896	#FFFFFF	50
4897	#FFFFFF	50
4898	#FFFFFF	50
4899	#FFFFFF	32
4900	#FFFFFF	707
4901	#FFFFFF	707
4902	#FFFFFF	50
4903	#FFFFFF	32
4904	#FFFFFF	32
4905	#FFFFFF	32
4906	#FFFFFF	50
4907	#FFFFFF	32
4908	#FFFFFF	32
4909	#FFFFFF	32
4910	#FFFFFF	32
4911	#FFFFFF	32
4912	#FFFFFF	32
4913	#FFFFFF	50
4914	#FFFFFF	32
4915	#FFFFFF	32
4916	#FFFFFF	32
4917	#FFFFFF	32
4918	#FFFFFF	86
4919	#FFFFFF	1663
4920	#FFFFFF	86
4921	#FFFFFF	86
4922	#FFFFFF	86
4923	#FFFFFF	86
4924	#FFFFFF	50
4925	#FFFFFF	270
4927	#FFFFFF	86
4928	#FFFFFF	86
4929	#FFFFFF	86
4930	#FFFFFF	821
4931	#FFFFFF	86
4932	#FFFFFF	32
4933	#FFFFFF	86
4934	#FFFFFF	32
4935	#FFFFFF	50
4936	#FFFFFF	32
4937	#FFFFFF	44
4938	#FFFFFF	44
4939	#FFFFFF	32
4940	#FFFFFF	32
4941	#FFFFFF	32
4942	#FFFFFF	32
4943	#FFFFFF	32
4944	#FFFFFF	44
4945	#FFFFFF	50
4946	#FFFFFF	50
4947	#FFFFFF	50
4948	#FFFFFF	32
4949	#FFFFFF	32
4951	#FFFFFF	707
4952	#FFFFFF	50
4953	#FFFFFF	32
4954	#FFFFFF	32
4955	#FFFFFF	32
4956	#FFFFFF	32
4957	#FFFFFF	32
4958	#FFFFFF	32
4959	#FFFFFF	32
4960	#FFFFFF	50
4961	#FFFFFF	32
4962	#FFFFFF	32
4963	#FFFFFF	50
4964	#FFFFFF	32
4965	#FFFFFF	32
4966	#FFFFFF	32
4967	#FFFFFF	86
4968	#FFFFFF	86
4969	#FFFFFF	86
4970	#FFFFFF	86
4971	#FFFFFF	86
4972	#FFFFFF	86
4973	#FFFFFF	86
4974	#FFFFFF	50
4975	#FFFFFF	86
4976	#FFFFFF	270
4977	#FFFFFF	86
4978	#FFFFFF	86
4979	#FFFFFF	270
4980	#FFFFFF	86
4981	#FFFFFF	86
4982	#FFFFFF	86
4983	#FFFFFF	86
4984	#FFFFFF	32
4985	#FFFFFF	50
4986	#FFFFFF	86
4987	#FFFFFF	44
4988	#FFFFFF	44
4989	#FFFFFF	32
4990	#FFFFFF	32
4991	#FFFFFF	32
4992	#FFFFFF	44
4993	#FFFFFF	32
4994	#FFFFFF	44
4996	#FFFFFF	50
4997	#FFFFFF	50
4998	#FFFFFF	50
4999	#FFFFFF	50
5000	#FFFFFF	32
5001	#FFFFFF	50
5002	#FFFFFF	50
5003	#FFFFFF	50
5004	#FFFFFF	32
5005	#FFFFFF	32
5006	#FFFFFF	32
5007	#FFFFFF	32
5008	#FFFFFF	32
5009	#FFFFFF	32
5010	#FFFFFF	32
5011	#FFFFFF	50
5012	#FFFFFF	50
5013	#FFFFFF	32
5014	#FFFFFF	50
5015	#FFFFFF	32
5016	#FFFFFF	32
5017	#FFFFFF	86
5018	#FFFFFF	86
5019	#FFFFFF	467
5020	#FFFFFF	86
5021	#FFFFFF	86
5022	#FFFFFF	86
5023	#FFFFFF	86
5024	#FFFFFF	86
5025	#FFFFFF	50
5026	#FFFFFF	270
5027	#FFFFFF	270
5028	#FFFFFF	86
5029	#FFFFFF	270
5030	#FFFFFF	270
5031	#FFFFFF	86
5032	#FFFFFF	86
5033	#FFFFFF	86
5034	#FFFFFF	86
5035	#FFFFFF	86
5036	#FFFFFF	50
5037	#FFFFFF	365
5038	#FFFFFF	44
5039	#FFFFFF	44
5040	#FFFFFF	44
5041	#FFFFFF	32
5042	#FFFFFF	44
5043	#FFFFFF	44
5044	#FFFFFF	44
5045	#FFFFFF	44
5046	#FFFFFF	50
5047	#FFFFFF	50
5048	#FFFFFF	50
5049	#FFFFFF	50
5050	#FFFFFF	32
5052	#FFFFFF	50
5053	#FFFFFF	50
5054	#FFFFFF	32
5055	#FFFFFF	50
5056	#FFFFFF	50
5057	#FFFFFF	32
5058	#FFFFFF	32
5059	#FFFFFF	32
5060	#FFFFFF	32
5061	#FFFFFF	32
5062	#FFFFFF	50
5063	#FFFFFF	32
5064	#FFFFFF	50
5065	#FFFFFF	32
5066	#FFFFFF	32
5067	#FFFFFF	32
5068	#FFFFFF	86
5069	#FFFFFF	86
5070	#FFFFFF	467
5071	#FFFFFF	86
5072	#FFFFFF	86
5073	#FFFFFF	86
5074	#FFFFFF	86
5075	#FFFFFF	50
5076	#FFFFFF	86
5077	#FFFFFF	270
5078	#FFFFFF	86
5079	#FFFFFF	86
5081	#FFFFFF	86
5082	#FFFFFF	86
5083	#FFFFFF	270
5084	#FFFFFF	86
5085	#FFFFFF	86
5086	#FFFFFF	50
5087	#FFFFFF	365
5088	#FFFFFF	365
5089	#FFFFFF	365
5090	#FFFFFF	44
5091	#FFFFFF	543
5092	#FFFFFF	543
5093	#FFFFFF	543
5094	#FFFFFF	44
5095	#FFFFFF	44
5097	#FFFFFF	50
5098	#FFFFFF	50
5099	#FFFFFF	50
5100	#FFFFFF	50
5101	#FFFFFF	50
